{"logTime": "1003/185808", "level": "INFO", "message": "UserPrefStore loaded: error=NO_FILE (6)"}
{"logTime": "1003/185808", "level": "INFO", "message": "Preference changed: name=edge_vpn.available, new_value=true, source=unknown"}
{"logTime": "1003/185808", "level": "INFO", "message": "Preference changed: name=profile_network_context_service.http_cache_finch_experiment_groups, new_value=\"None None None None\", source=unknown"}
{"logTime": "1003/185808", "level": "INFO", "message": "Preference changed: name=enterprise_profile_guid, new_value=\"6ab2d936-cc05-423c-96a5-7bb9f6f09d5f\", source=unknown"}
{"logTime": "1003/185808", "level": "INFO", "message": "Preference changed: name=extensions.last_chrome_version, new_value=\"154.0.4258.53\", source=unknown"}
{"logTime": "1003/185808", "level": "INFO", "message": "Preference changed: name=gaia_cookie.periodic_report_time_2, new_value=\"13435527488963003\", source=unknown"}
{"logTime": "1003/185808", "level": "INFO", "message": "Preference changed: name=optimization_guide.previously_registered_optimization_types, new_value=[object], source=unknown"}
{"logTime": "1003/185808", "level": "INFO", "message": "Preference changed: name=user_experience_metrics.personalization_data_consent_enabled_last_known_value, new_value=false, source=unknown"}
{"logTime": "1003/185808", "level": "INFO", "message": "Preference changed: name=profile.background_password_check, new_value=[object], source=unknown"}
{"logTime": "1003/185808", "level": "INFO", "message": "Preference changed: name=extensions.chrome_url_overrides, new_value=[object], source=unknown"}
{"logTime": "1003/185808", "level": "INFO", "message": "Preference changed: name=browser.recent_theme_color_list, new_value=[object], source=unknown"}
{"logTime": "1003/185808", "level": "INFO", "message": "Preference changed: name=browser.mai_ds_default_theme_type, new_value=1, source=unknown"}
{"logTime": "1003/185808", "level": "INFO", "message": "Preference changed: name=browser.color_theme_user_on_first_check, new_value=false, source=unknown"}
{"logTime": "1003/185808", "level": "INFO", "message": "Preference changed: name=browser.has_used_default_theme, new_value=true, source=unknown"}
{"logTime": "1003/185808", "level": "INFO", "message": "Preference changed: name=omnibox.work_organization_name.name, new_value=\"\", source=unknown"}
{"logTime": "1003/185808", "level": "INFO", "message": "Preference changed: name=countryid_at_install, new_value=18766, source=unknown"}
{"logTime": "1003/185808", "level": "INFO", "message": "Preference changed: name=reset_prepopulated_engines, new_value=false, source=unknown"}
{"logTime": "1003/185808", "level": "INFO", "message": "Preference changed: name=sessions.session_data_status, new_value=1, source=unknown"}
{"logTime": "1003/185808", "level": "INFO", "message": "Preference changed: name=sessions.event_log, new_value=[object], source=unknown"}
{"logTime": "1003/185808", "level": "INFO", "message": "Preference changed: name=optimization_guide.previously_registered_optimization_types, new_value=[object], source=unknown"}
{"logTime": "1003/185808", "level": "INFO", "message": "Preference changed: name=optimization_guide.previously_registered_optimization_types, new_value=[object], source=unknown"}
{"logTime": "1003/185808", "level": "INFO", "message": "Preference changed: name=optimization_guide.previously_registered_optimization_types, new_value=[object], source=unknown"}
{"logTime": "1003/185808", "level": "INFO", "message": "Preference changed: name=custom_links.list, new_value=[object], source=unknown"}
{"logTime": "1003/185808", "level": "INFO", "message": "Preference changed: name=browser.edge_sidebar_visibility, new_value=[object], source=unknown"}
{"logTime": "1003/185808", "level": "INFO", "message": "Preference changed: name=browser.edge_sidebar_visibility, new_value=[object], source=unknown"}
{"logTime": "1003/185808", "level": "INFO", "message": "Preference changed: name=saved_tab_groups.did_enable_shared_tab_groups_in_last_session, new_value=false, source=unknown"}
{"logTime": "1003/185808", "level": "INFO", "message": "Preference changed: name=optimization_guide.previously_registered_optimization_types, new_value=[object], source=unknown"}
{"logTime": "1003/185808", "level": "INFO", "message": "Preference changed: name=spellcheck.dictionaries, new_value=[object], source=unknown"}
{"logTime": "1003/185808", "level": "INFO", "message": "Preference changed: name=spellcheck.dictionary, new_value=\"\", source=unknown"}
{"logTime": "1003/185808", "level": "INFO", "message": "Preference changed: name=sync.edge_account_type, new_value=0, source=unknown"}
{"logTime": "1003/185808", "level": "INFO", "message": "Preference changed: name=sync.encryption_bootstrap_token_per_account_migration_done, new_value=true, source=unknown"}
{"logTime": "1003/185808", "level": "INFO", "message": "Preference changed: name=optimization_guide.previously_registered_optimization_types, new_value=[object], source=unknown"}
{"logTime": "1003/185808", "level": "INFO", "message": "Preference changed: name=safety_hub.unused_site_permissions_revocation.migration_completed, new_value=true, source=unknown"}
{"logTime": "1003/185808", "level": "INFO", "message": "Preference changed: name=edge_pinning_campaign.precomputed_campaign_data, new_value=[object], source=unknown"}
{"logTime": "1003/185808", "level": "INFO", "message": "Preference changed: name=profile.created_by_version, new_value=\"154.0.4258.53\", source=unknown"}
{"logTime": "1003/185808", "level": "INFO", "message": "Preference changed: name=profile.creation_time, new_value=\"13435527406050290\", source=unknown"}
{"logTime": "1003/185808", "level": "INFO", "message": "Preference changed: name=profile.edge_profile_id, new_value=\"19fe58c6-5de7-4c09-93b8-031e2718971d\", source=unknown"}
{"logTime": "1003/185808", "level": "INFO", "message": "Preference changed: name=family_safety.web_filtering_enabled, new_value=false, source=unknown"}
{"logTime": "1003/185808", "level": "INFO", "message": "Preference changed: name=family_safety.activity_reporting_enabled, new_value=false, source=unknown"}
{"logTime": "1003/185808", "level": "INFO", "message": "Preference changed: name=profile.network_pbs, new_value=[object], source=unknown"}
{"logTime": "1003/185808", "level": "INFO", "message": "Preference changed: name=privacy_sandbox.first_party_sets_data_access_allowed_initialized, new_value=true, source=unknown"}
{"logTime": "1003/185808", "level": "INFO", "message": "Preference changed: name=default_apps_install_state, new_value=3, source=unknown"}
{"logTime": "1003/185808", "level": "INFO", "message": "Preference changed: name=extensions.alerts.initialized, new_value=true, source=unknown"}
{"logTime": "1003/185808", "level": "INFO", "message": "Preference changed: name=extensions.pdf_upsell_triggered, new_value=false, source=unknown"}
{"logTime": "1003/185808", "level": "INFO", "message": "Preference changed: name=extensions.settings, new_value=[object], source=unknown"}
{"logTime": "1003/185808", "level": "INFO", "message": "Preference changed: name=extensions.settings, new_value=[object], source=unknown"}
{"logTime": "1003/185808", "level": "INFO", "message": "Preference changed: name=extensions.settings, new_value=[object], source=unknown"}
{"logTime": "1003/185808", "level": "INFO", "message": "Preference changed: name=extensions.settings, new_value=[object], source=unknown"}
{"logTime": "1003/185808", "level": "INFO", "message": "Preference changed: name=extensions.settings, new_value=[object], source=unknown"}
{"logTime": "1003/185808", "level": "INFO", "message": "Preference changed: name=extensions.settings, new_value=[object], source=unknown"}
{"logTime": "1003/185808", "level": "INFO", "message": "Preference changed: name=extensions.settings, new_value=[object], source=unknown"}
{"logTime": "1003/185808", "level": "INFO", "message": "Preference changed: name=extensions.settings, new_value=[object], source=unknown"}
{"logTime": "1003/185808", "level": "INFO", "message": "Preference changed: name=extensions.settings, new_value=[object], source=unknown"}
{"logTime": "1003/185808", "level": "INFO", "message": "Preference changed: name=extensions.settings, new_value=[object], source=unknown"}
{"logTime": "1003/185808", "level": "INFO", "message": "Preference changed: name=extensions.settings, new_value=[object], source=unknown"}
{"logTime": "1003/185808", "level": "INFO", "message": "Preference changed: name=extensions.settings, new_value=[object], source=unknown"}
{"logTime": "1003/185808", "level": "INFO", "message": "Preference changed: name=extensions.settings, new_value=[object], source=unknown"}
{"logTime": "1003/185808", "level": "INFO", "message": "Preference changed: name=extensions.settings, new_value=[object], source=unknown"}
{"logTime": "1003/185808", "level": "INFO", "message": "Preference changed: name=extensions.settings, new_value=[object], source=unknown"}
{"logTime": "1003/185808", "level": "INFO", "message": "Preference changed: name=extensions.settings, new_value=[object], source=unknown"}
{"logTime": "1003/185808", "level": "INFO", "message": "Preference changed: name=extensions.settings, new_value=[object], source=unknown"}
{"logTime": "1003/185808", "level": "INFO", "message": "Preference changed: name=extensions.settings, new_value=[object], source=unknown"}
{"logTime": "1003/185808", "level": "INFO", "message": "Preference changed: name=extensions.settings, new_value=[object], source=unknown"}
{"logTime": "1003/185808", "level": "INFO", "message": "Preference changed: name=extensions.settings, new_value=[object], source=unknown"}
{"logTime": "1003/185808", "level": "INFO", "message": "Preference changed: name=extensions.settings, new_value=[object], source=unknown"}
{"logTime": "1003/185808", "level": "INFO", "message": "Preference changed: name=extensions.settings, new_value=[object], source=unknown"}
{"logTime": "1003/185808", "level": "INFO", "message": "Preference changed: name=extensions.settings, new_value=[object], source=unknown"}
{"logTime": "1003/185808", "level": "INFO", "message": "Preference changed: name=extensions.settings, new_value=[object], source=unknown"}
{"logTime": "1003/185808", "level": "INFO", "message": "Preference changed: name=extensions.settings, new_value=[object], source=unknown"}
{"logTime": "1003/185808", "level": "INFO", "message": "Preference changed: name=extensions.settings, new_value=[object], source=unknown"}
{"logTime": "1003/185808", "level": "INFO", "message": "Preference changed: name=extensions.settings, new_value=[object], source=unknown"}
{"logTime": "1003/185808", "level": "INFO", "message": "Preference changed: name=extensions.settings, new_value=[object], source=unknown"}
{"logTime": "1003/185808", "level": "INFO", "message": "Preference changed: name=extensions.settings, new_value=[object], source=unknown"}
{"logTime": "1003/185808", "level": "INFO", "message": "Preference changed: name=extensions.settings, new_value=[object], source=unknown"}
{"logTime": "1003/185808", "level": "INFO", "message": "Preference changed: name=extensions.settings, new_value=[object], source=unknown"}
{"logTime": "1003/185808", "level": "INFO", "message": "Preference changed: name=extensions.settings, new_value=[object], source=unknown"}
{"logTime": "1003/185808", "level": "INFO", "message": "Preference changed: name=extensions.settings, new_value=[object], source=unknown"}
{"logTime": "1003/185808", "level": "INFO", "message": "Preference changed: name=extensions.settings, new_value=[object], source=unknown"}
{"logTime": "1003/185808", "level": "INFO", "message": "Preference changed: name=extensions.settings, new_value=[object], source=unknown"}
{"logTime": "1003/185808", "level": "INFO", "message": "Preference changed: name=extensions.settings, new_value=[object], source=unknown"}
{"logTime": "1003/185808", "level": "INFO", "message": "Preference changed: name=extensions.settings, new_value=[object], source=unknown"}
{"logTime": "1003/185808", "level": "INFO", "message": "Preference changed: name=extensions.settings, new_value=[object], source=unknown"}
{"logTime": "1003/185808", "level": "INFO", "message": "Preference changed: name=extensions.settings, new_value=[object], source=unknown"}
{"logTime": "1003/185808", "level": "INFO", "message": "Preference changed: name=extensions.settings, new_value=[object], source=unknown"}
{"logTime": "1003/185808", "level": "INFO", "message": "Preference changed: name=extensions.settings, new_value=[object], source=unknown"}
{"logTime": "1003/185808", "level": "INFO", "message": "Preference changed: name=extensions.settings, new_value=[object], source=unknown"}
{"logTime": "1003/185808", "level": "INFO", "message": "Preference changed: name=extensions.settings, new_value=[object], source=unknown"}
{"logTime": "1003/185808", "level": "INFO", "message": "Preference changed: name=extensions.settings, new_value=[object], source=unknown"}
{"logTime": "1003/185808", "level": "INFO", "message": "Preference changed: name=extensions.settings, new_value=[object], source=unknown"}
{"logTime": "1003/185808", "level": "INFO", "message": "Preference changed: name=extensions.settings, new_value=[object], source=unknown"}
{"logTime": "1003/185808", "level": "INFO", "message": "Preference changed: name=extensions.settings, new_value=[object], source=unknown"}
{"logTime": "1003/185808", "level": "INFO", "message": "Preference changed: name=extensions.settings, new_value=[object], source=unknown"}
{"logTime": "1003/185808", "level": "INFO", "message": "Preference changed: name=extensions.settings, new_value=[object], source=unknown"}
{"logTime": "1003/185808", "level": "INFO", "message": "Preference changed: name=extensions.settings, new_value=[object], source=unknown"}
{"logTime": "1003/185808", "level": "INFO", "message": "Preference changed: name=extensions.settings, new_value=[object], source=unknown"}
{"logTime": "1003/185808", "level": "INFO", "message": "Preference changed: name=extensions.settings, new_value=[object], source=unknown"}
{"logTime": "1003/185808", "level": "INFO", "message": "Preference changed: name=extensions.settings, new_value=[object], source=unknown"}
{"logTime": "1003/185808", "level": "INFO", "message": "Preference changed: name=extensions.settings, new_value=[object], source=unknown"}
{"logTime": "1003/185808", "level": "INFO", "message": "Preference changed: name=extensions.settings, new_value=[object], source=unknown"}
{"logTime": "1003/185808", "level": "INFO", "message": "Preference changed: name=extensions.settings, new_value=[object], source=unknown"}
{"logTime": "1003/185808", "level": "INFO", "message": "Preference changed: name=extensions.settings, new_value=[object], source=unknown"}
{"logTime": "1003/185808", "level": "INFO", "message": "Preference changed: name=extensions.settings, new_value=[object], source=unknown"}
{"logTime": "1003/185808", "level": "INFO", "message": "Preference changed: name=extensions.settings, new_value=[object], source=unknown"}
{"logTime": "1003/185808", "level": "INFO", "message": "Preference changed: name=extensions.settings, new_value=[object], source=unknown"}
{"logTime": "1003/185808", "level": "INFO", "message": "Preference changed: name=extensions.settings, new_value=[object], source=unknown"}
{"logTime": "1003/185808", "level": "INFO", "message": "Preference changed: name=extensions.settings, new_value=[object], source=unknown"}
{"logTime": "1003/185808", "level": "INFO", "message": "Preference changed: name=extensions.settings, new_value=[object], source=unknown"}
{"logTime": "1003/185808", "level": "INFO", "message": "Preference changed: name=extensions.settings, new_value=[object], source=unknown"}
{"logTime": "1003/185808", "level": "INFO", "message": "Preference changed: name=extensions.settings, new_value=[object], source=unknown"}
{"logTime": "1003/185808", "level": "INFO", "message": "Preference changed: name=extensions.settings, new_value=[object], source=unknown"}
{"logTime": "1003/185808", "level": "INFO", "message": "Preference changed: name=extensions.settings, new_value=[object], source=unknown"}
{"logTime": "1003/185808", "level": "INFO", "message": "Preference changed: name=extensions.settings, new_value=[object], source=unknown"}
{"logTime": "1003/185808", "level": "INFO", "message": "Preference changed: name=extensions.settings, new_value=[object], source=unknown"}
{"logTime": "1003/185808", "level": "INFO", "message": "Preference changed: name=extensions.settings, new_value=[object], source=unknown"}
{"logTime": "1003/185808", "level": "INFO", "message": "Preference changed: name=extensions.settings, new_value=[object], source=unknown"}
{"logTime": "1003/185808", "level": "INFO", "message": "Preference changed: name=extensions.settings, new_value=[object], source=unknown"}
{"logTime": "1003/185808", "level": "INFO", "message": "Preference changed: name=extensions.settings, new_value=[object], source=unknown"}
{"logTime": "1003/185808", "level": "INFO", "message": "Preference changed: name=extensions.settings, new_value=[object], source=unknown"}
{"logTime": "1003/185808", "level": "INFO", "message": "Preference changed: name=extensions.settings, new_value=[object], source=unknown"}
{"logTime": "1003/185808", "level": "INFO", "message": "Preference changed: name=extensions.settings, new_value=[object], source=unknown"}
{"logTime": "1003/185808", "level": "INFO", "message": "Preference changed: name=extensions.settings, new_value=[object], source=unknown"}
{"logTime": "1003/185808", "level": "INFO", "message": "Preference changed: name=extensions.settings, new_value=[object], source=unknown"}
{"logTime": "1003/185808", "level": "INFO", "message": "Preference changed: name=extensions.settings, new_value=[object], source=unknown"}
{"logTime": "1003/185808", "level": "INFO", "message": "Preference changed: name=extensions.settings, new_value=[object], source=unknown"}
{"logTime": "1003/185808", "level": "INFO", "message": "Preference changed: name=extensions.settings, new_value=[object], source=unknown"}
{"logTime": "1003/185808", "level": "INFO", "message": "Preference changed: name=extensions.settings, new_value=[object], source=unknown"}
{"logTime": "1003/185808", "level": "INFO", "message": "Preference changed: name=extensions.settings, new_value=[object], source=unknown"}
{"logTime": "1003/185808", "level": "INFO", "message": "Preference changed: name=extensions.settings, new_value=[object], source=unknown"}
{"logTime": "1003/185808", "level": "INFO", "message": "Preference changed: name=extensions.settings, new_value=[object], source=unknown"}
{"logTime": "1003/185808", "level": "INFO", "message": "Preference changed: name=extensions.settings, new_value=[object], source=unknown"}
{"logTime": "1003/185808", "level": "INFO", "message": "Preference changed: name=extensions.settings, new_value=[object], source=unknown"}
{"logTime": "1003/185808", "level": "INFO", "message": "Preference changed: name=extensions.settings, new_value=[object], source=unknown"}
{"logTime": "1003/185808", "level": "INFO", "message": "Preference changed: name=extensions.settings, new_value=[object], source=unknown"}
{"logTime": "1003/185808", "level": "INFO", "message": "Preference changed: name=extensions.settings, new_value=[object], source=unknown"}
{"logTime": "1003/185808", "level": "INFO", "message": "Preference changed: name=extensions.settings, new_value=[object], source=unknown"}
{"logTime": "1003/185808", "level": "INFO", "message": "Preference changed: name=extensions.settings, new_value=[object], source=unknown"}
{"logTime": "1003/185808", "level": "INFO", "message": "Preference changed: name=extensions.settings, new_value=[object], source=unknown"}
{"logTime": "1003/185808", "level": "INFO", "message": "Preference changed: name=extension.installed_extension_count, new_value=9, source=unknown"}
{"logTime": "1003/185808", "level": "INFO", "message": "Preference changed: name=profile.password_hash_data_list, new_value=[object], source=unknown"}
{"logTime": "1003/185809", "level": "INFO", "message": "Preference changed: name=continuous_migration.equal_opt_out_users_data.backfilled, new_value=true, source=unknown"}
{"logTime": "1003/185809", "level": "INFO", "message": "Preference changed: name=edge.profile_sso_info.is_first_profile, new_value=true, source=unknown"}
{"logTime": "1003/185809", "level": "INFO", "message": "Preference changed: name=edge.profile_sso_info.aad_sso_algo_state, new_value=1, source=unknown"}
{"logTime": "1003/185809", "level": "INFO", "message": "Preference changed: name=edge.msa_sso_info.allow_for_non_msa_profile, new_value=true, source=unknown"}
{"logTime": "1003/185809", "level": "INFO", "message": "Preference changed: name=edge.profile_sso_info.is_msa_first_profile, new_value=true, source=unknown"}
{"logTime": "1003/185809", "level": "INFO", "message": "Preference changed: name=edge.profile_sso_info.msa_sso_algo_state, new_value=1, source=unknown"}
{"logTime": "1003/185809", "level": "INFO", "message": "Preference changed: name=browser.available_dark_theme_options, new_value=\"All\", source=unknown"}
{"logTime": "1003/185809", "level": "INFO", "message": "Preference changed: name=optimization_guide.previously_registered_optimization_types, new_value=[object], source=unknown"}
{"logTime": "1003/185809", "level": "INFO", "message": "Preference changed: name=browser.show_toolbar_workspaces_button, new_value=false, source=unknown"}
{"logTime": "1003/185809", "level": "INFO", "message": "Preference changed: name=browser.show_downloads_hub_pinned, new_value=false, source=unknown"}
{"logTime": "1003/185809", "level": "INFO", "message": "Preference changed: name=toolbar.pinned_chrome_labs_migration_complete, new_value=true, source=unknown"}
{"logTime": "1003/185809", "level": "INFO", "message": "Preference changed: name=toolbar.pinned_cast_migration_complete, new_value=true, source=unknown"}
{"logTime": "1003/185809", "level": "INFO", "message": "Preference changed: name=in_product_help.session_start_time, new_value=\"13435527489064655\", source=unknown"}
{"logTime": "1003/185809", "level": "INFO", "message": "Preference changed: name=in_product_help.session_number, new_value=2, source=unknown"}
{"logTime": "1003/185809", "level": "INFO", "message": "Preference changed: name=in_product_help.session_last_active_time, new_value=\"13435527489064655\", source=unknown"}
{"logTime": "1003/185809", "level": "INFO", "message": "Preference changed: name=in_product_help.recent_session_enabled_time, new_value=\"13435527489064655\", source=unknown"}
{"logTime": "1003/185809", "level": "INFO", "message": "Preference changed: name=in_product_help.recent_session_start_times, new_value=[object], source=unknown"}
{"logTime": "1003/185809", "level": "INFO", "message": "Preference changed: name=media_router.receiver_id_hash_token, new_value=\"G9fCeRRNAHPBVM/qBpKe133HzGOIpbOSDnL5jGmOhbjIv99pcdKjg4Md3NmkCrFUi/V0bVZDS5vD0R3wGQ157g==\", source=unknown"}
{"logTime": "1003/185809", "level": "INFO", "message": "Preference changed: name=media.engagement.schema_version, new_value=5, source=unknown"}
{"logTime": "1003/185809", "level": "INFO", "message": "Preference changed: name=intl.selected_languages, new_value=\"en-US,en\", source=unknown"}
{"logTime": "1003/185809", "level": "INFO", "message": "Preference changed: name=edge_rewards.cache_data, new_value=\"CAA=\", source=unknown"}
{"logTime": "1003/185809", "level": "INFO", "message": "Preference changed: name=edge_rewards.refresh_status_muted_until, new_value=\"13436132289078645\", source=unknown"}
{"logTime": "1003/185809", "level": "INFO", "message": "Preference changed: name=optimization_guide.previously_registered_optimization_types, new_value=[object], source=unknown"}
{"logTime": "1003/185809", "level": "INFO", "message": "Preference changed: name=profile.content_settings.exceptions.storage_access_header_origin_trial, new_value=[object], source=unknown"}
{"logTime": "1003/185809", "level": "INFO", "message": "Preference changed: name=edge_wallet.trigger_funnel.records, new_value=[object], source=unknown"}
{"logTime": "1003/185809", "level": "INFO", "message": "Preference changed: name=shopping.dma_telemetry_expiration_time, new_value=\"13435613889097179\", source=unknown"}
{"logTime": "1003/185809", "level": "INFO", "message": "Preference changed: name=shopping.contextual_features_enabled, new_value=true, source=unknown"}
{"logTime": "1003/185809", "level": "INFO", "message": "Preference changed: name=sync.keep_everything_synced, new_value=false, source=unknown"}
{"logTime": "1003/185809", "level": "INFO", "message": "Preference changed: name=sync.bookmarks, new_value=true, source=unknown"}
{"logTime": "1003/185809", "level": "INFO", "message": "Preference changed: name=sync.preferences, new_value=true, source=unknown"}
{"logTime": "1003/185809", "level": "INFO", "message": "Preference changed: name=sync.passwords, new_value=true, source=unknown"}
{"logTime": "1003/185809", "level": "INFO", "message": "Preference changed: name=sync.autofill, new_value=true, source=unknown"}
{"logTime": "1003/185809", "level": "INFO", "message": "Preference changed: name=sync.typed_urls, new_value=true, source=unknown"}
{"logTime": "1003/185809", "level": "INFO", "message": "Preference changed: name=sync.extensions, new_value=true, source=unknown"}
{"logTime": "1003/185809", "level": "INFO", "message": "Preference changed: name=sync.apps, new_value=true, source=unknown"}
{"logTime": "1003/185809", "level": "INFO", "message": "Preference changed: name=sync.tabs, new_value=true, source=unknown"}
{"logTime": "1003/185809", "level": "INFO", "message": "Preference changed: name=sync.edge_workspaces, new_value=true, source=unknown"}
{"logTime": "1003/185809", "level": "INFO", "message": "Preference changed: name=sync.collections_edge_re_evaluated, new_value=true, source=unknown"}
{"logTime": "1003/185809", "level": "INFO", "message": "Preference changed: name=sync.history_edge_supported, new_value=true, source=unknown"}
{"logTime": "1003/185809", "level": "INFO", "message": "Preference changed: name=sync.extensions_edge_supported, new_value=true, source=unknown"}
{"logTime": "1003/185809", "level": "INFO", "message": "Preference changed: name=sync.tabs_edge_supported, new_value=true, source=unknown"}
{"logTime": "1003/185809", "level": "INFO", "message": "Preference changed: name=sync.edge_workspaces_edge_supported, new_value=true, source=unknown"}
{"logTime": "1003/185809", "level": "INFO", "message": "Preference changed: name=schedule_to_flush_to_disk, new_value=\"13435527489145970\", source=unknown"}
{"logTime": "1003/185809", "level": "INFO", "message": "Preference changed: name=schedule_to_flush_to_disk, new_value=\"13435527489146433\", source=unknown"}
{"logTime": "1003/185809", "level": "INFO", "message": "Preference changed: name=muid.last_sync, new_value=\"13435527489146636\", source=unknown"}
{"logTime": "1003/185809", "level": "INFO", "message": "Preference changed: name=bookmark.storage_computation_last_update, new_value=\"13435527489146762\", source=unknown"}
{"logTime": "1003/185809", "level": "INFO", "message": "Preference changed: name=edge.services.signin_scoped_device_id, new_value=\"392c5f6e-18f7-4066-b3b9-6551a0f373b2\", source=unknown"}
{"logTime": "1003/185809", "level": "INFO", "message": "Preference changed: name=account_tracker_service_last_update, new_value=\"13435527489148843\", source=unknown"}
{"logTime": "1003/185809", "level": "INFO", "message": "Preference changed: name=autofill.ai_last_version_deduped, new_value=154, source=unknown"}
{"logTime": "1003/185809", "level": "INFO", "message": "Preference changed: name=ntp.num_personal_suggestions, new_value=1, source=unknown"}
{"logTime": "1003/185809", "level": "INFO", "message": "Preference changed: name=commerce_daily_metrics_last_update_time, new_value=\"13435527489153252\", source=unknown"}
{"logTime": "1003/185809", "level": "INFO", "message": "Preference changed: name=autofill.last_version_deduped, new_value=154, source=unknown"}
{"logTime": "1003/185809", "level": "INFO", "message": "Preference changed: name=autofill.edge_autofill_purge_low_quality_profiles_by_timeline, new_value=false, source=unknown"}
{"logTime": "1003/185809", "level": "INFO", "message": "Preference changed: name=optimization_guide.previously_registered_optimization_types, new_value=[object], source=unknown"}
{"logTime": "1003/185809", "level": "INFO", "message": "Preference changed: name=dual_engine.sitelist_location, new_value=\"\", source=unknown"}
{"logTime": "1003/185809", "level": "INFO", "message": "Preference changed: name=dual_engine.sitelist_source, new_value=0, source=unknown"}
{"logTime": "1003/185809", "level": "INFO", "message": "Preference changed: name=dual_engine.consumer_sitelist_location, new_value=\"\", source=unknown"}
{"logTime": "1003/185809", "level": "INFO", "message": "Preference changed: name=dual_engine.sitelist_has_enterprise_data, new_value=false, source=unknown"}
{"logTime": "1003/185809", "level": "INFO", "message": "Preference changed: name=dual_engine.shared_cookie_data, new_value=[object], source=unknown"}
{"logTime": "1003/185809", "level": "INFO", "message": "Preference changed: name=dual_engine.sitelist_version, new_value=\"\", source=unknown"}
{"logTime": "1003/185809", "level": "INFO", "message": "Preference changed: name=dual_engine.sitelist_has_consumer_data, new_value=false, source=unknown"}
{"logTime": "1003/185809", "level": "INFO", "message": "Preference changed: name=dual_engine.consumer_site_list_with_ie_entries, new_value=false, source=unknown"}
{"logTime": "1003/185809", "level": "INFO", "message": "Preference changed: name=dual_engine.consumer_sitelist_version, new_value=\"\", source=unknown"}
{"logTime": "1003/185809", "level": "INFO", "message": "Preference changed: name=extensions.settings, new_value=[object], source=unknown"}
{"logTime": "1003/185809", "level": "INFO", "message": "Preference changed: name=extensions.settings, new_value=[object], source=unknown"}
{"logTime": "1003/185809", "level": "INFO", "message": "Preference changed: name=extensions.settings, new_value=[object], source=unknown"}
{"logTime": "1003/185809", "level": "INFO", "message": "Preference changed: name=extensions.settings, new_value=[object], source=unknown"}
{"logTime": "1003/185809", "level": "INFO", "message": "Preference changed: name=extensions.settings, new_value=[object], source=unknown"}
{"logTime": "1003/185809", "level": "INFO", "message": "Preference changed: name=extensions.settings, new_value=[object], source=unknown"}
{"logTime": "1003/185809", "level": "INFO", "message": "Preference changed: name=extensions.settings, new_value=[object], source=unknown"}
{"logTime": "1003/185809", "level": "INFO", "message": "Preference changed: name=extensions.settings, new_value=[object], source=unknown"}
{"logTime": "1003/185809", "level": "INFO", "message": "Preference changed: name=extensions.settings, new_value=[object], source=unknown"}
{"logTime": "1003/185809", "level": "INFO", "message": "Preference changed: name=extensions.settings, new_value=[object], source=unknown"}
{"logTime": "1003/185809", "level": "INFO", "message": "Preference changed: name=extensions.settings, new_value=[object], source=unknown"}
{"logTime": "1003/185809", "level": "INFO", "message": "Preference changed: name=extensions.settings, new_value=[object], source=unknown"}
{"logTime": "1003/185809", "level": "INFO", "message": "Preference changed: name=extensions.settings, new_value=[object], source=unknown"}
{"logTime": "1003/185809", "level": "INFO", "message": "Preference changed: name=extensions.settings, new_value=[object], source=unknown"}
{"logTime": "1003/185809", "level": "INFO", "message": "Preference changed: name=extensions.settings, new_value=[object], source=unknown"}
{"logTime": "1003/185809", "level": "INFO", "message": "Preference changed: name=extensions.settings, new_value=[object], source=unknown"}
{"logTime": "1003/185809", "level": "INFO", "message": "Preference changed: name=extensions.settings, new_value=[object], source=unknown"}
{"logTime": "1003/185809", "level": "INFO", "message": "Preference changed: name=extensions.settings, new_value=[object], source=unknown"}
{"logTime": "1003/185809", "level": "INFO", "message": "Preference changed: name=extensions.chrome_url_overrides, new_value=[object], source=unknown"}
{"logTime": "1003/185809", "level": "INFO", "message": "Preference changed: name=extensions.pinned_extensions, new_value=[object], source=unknown"}
{"logTime": "1003/185809", "level": "INFO", "message": "Preference changed: name=extensions.pinned_extension_migration, new_value=true, source=unknown"}
{"logTime": "1003/185809", "level": "INFO", "message": "Preference changed: name=autocomplete.retention_policy_last_version, new_value=154, source=unknown"}
{"logTime": "1003/185809", "level": "INFO", "message": "Preference changed: name=typosquatting.allowlist_migration_done, new_value=true, source=unknown"}
{"logTime": "1003/185809", "level": "INFO", "message": "Preference changed: name=shopping.rdx_mode_enabled, new_value=false, source=unknown"}
{"logTime": "1003/185809", "level": "INFO", "message": "Preference changed: name=shopping.rdx_mode_cached, new_value=true, source=unknown"}
{"logTime": "1003/185809", "level": "INFO", "message": "Preference changed: name=profile.edge_user_with_non_zero_passwords, new_value=false, source=unknown"}
{"logTime": "1003/185809", "level": "INFO", "message": "Preference changed: name=profile.edge_password_is_using_new_login_db_path, new_value=false, source=unknown"}
{"logTime": "1003/185809", "level": "INFO", "message": "Preference changed: name=profile.edge_password_login_db_path_flip_flop_count, new_value=0, source=unknown"}
{"logTime": "1003/185809", "level": "INFO", "message": "Preference changed: name=web_apps.link_handling_info.enabled_for_installed_apps, new_value=true, source=unknown"}
{"logTime": "1003/185809", "level": "INFO", "message": "Preference changed: name=apps.shortcuts_version, new_value=1, source=unknown"}
{"logTime": "1003/185809", "level": "INFO", "message": "Preference changed: name=apps.shortcuts_arch, new_value=\"\", source=unknown"}
{"logTime": "1003/185809", "level": "INFO", "message": "Preference changed: name=apps.shortcuts_os_version, new_value=\"\", source=unknown"}
{"logTime": "1003/185809", "level": "INFO", "message": "Preference changed: name=saved_tab_groups.specifics_to_data_migration, new_value=true, source=unknown"}
{"logTime": "1003/185809", "level": "INFO", "message": "Preference changed: name=browser.underside_chat_bing_signed_in_status, new_value=false, source=unknown"}
{"logTime": "1003/185809", "level": "INFO", "message": "Preference changed: name=muid.values_seen, new_value=[object], source=unknown"}
{"logTime": "1003/185809", "level": "INFO", "message": "Preference changed: name=extensions.settings, new_value=[object], source=unknown"}
{"logTime": "1003/185809", "level": "INFO", "message": "Preference changed: name=extensions.settings, new_value=[object], source=unknown"}
{"logTime": "1003/185809", "level": "INFO", "message": "Preference changed: name=extensions.settings, new_value=[object], source=unknown"}
{"logTime": "1003/185809", "level": "INFO", "message": "Preference changed: name=extensions.settings, new_value=[object], source=unknown"}
{"logTime": "1003/185809", "level": "INFO", "message": "Preference changed: name=extensions.settings, new_value=[object], source=unknown"}
{"logTime": "1003/185809", "level": "INFO", "message": "Preference changed: name=extensions.settings, new_value=[object], source=unknown"}
{"logTime": "1003/185809", "level": "INFO", "message": "Preference changed: name=extensions.settings, new_value=[object], source=unknown"}
{"logTime": "1003/185809", "level": "INFO", "message": "Preference changed: name=extensions.settings, new_value=[object], source=unknown"}
{"logTime": "1003/185809", "level": "INFO", "message": "Preference changed: name=extensions.settings, new_value=[object], source=unknown"}
{"logTime": "1003/185809", "level": "INFO", "message": "Preference changed: name=extensions.settings, new_value=[object], source=unknown"}
{"logTime": "1003/185809", "level": "INFO", "message": "Preference changed: name=extensions.settings, new_value=[object], source=unknown"}
{"logTime": "1003/185809", "level": "INFO", "message": "Preference changed: name=extensions.settings, new_value=[object], source=unknown"}
{"logTime": "1003/185809", "level": "INFO", "message": "Preference changed: name=extensions.settings, new_value=[object], source=unknown"}
{"logTime": "1003/185809", "level": "INFO", "message": "Preference changed: name=extensions.settings, new_value=[object], source=unknown"}
{"logTime": "1003/185809", "level": "INFO", "message": "Preference changed: name=extensions.settings, new_value=[object], source=unknown"}
{"logTime": "1003/185810", "level": "INFO", "message": "Preference changed: name=profile.exit_type, new_value=\"Crashed\", source=unknown"}
{"logTime": "1003/185810", "level": "INFO", "message": "Preference changed: name=profile.content_settings.exceptions.site_engagement, new_value=[object], source=unknown"}
{"logTime": "1003/185810", "level": "INFO", "message": "Preference changed: name=profile.last_engagement_time, new_value=\"13435527490200097\", source=unknown"}
{"logTime": "1003/185810", "level": "INFO", "message": "Preference changed: name=fsd.retention_policy_last_version, new_value=154, source=unknown"}
{"logTime": "1003/185812", "level": "INFO", "message": "Preference changed: name=language_dwell_time_average, new_value=[object], source=unknown"}
{"logTime": "1003/185812", "level": "INFO", "message": "Preference changed: name=language_usage_count, new_value=[object], source=unknown"}
{"logTime": "1003/185812", "level": "INFO", "message": "Preference changed: name=personalization_data_consent.personalization_in_context_count, new_value=0, source=unknown"}
{"logTime": "1003/185812", "level": "INFO", "message": "Preference changed: name=personalization_data_consent.personalization_in_context_consent_can_prompt, new_value=true, source=unknown"}
{"logTime": "1003/185812", "level": "INFO", "message": "Preference changed: name=edge.workspaces.migration.last_state, new_value=2, source=unknown"}
{"logTime": "1003/185812", "level": "INFO", "message": "Preference changed: name=edge.workspaces.migration.stampede_time, new_value=\"13435531092419977\", source=unknown"}
{"logTime": "1003/185812", "level": "INFO", "message": "Preference changed: name=edge_pinning_campaign.precomputed_campaign_data, new_value=[object], source=unknown"}
{"logTime": "1003/185812", "level": "INFO", "message": "Preference changed: name=profiles.last_swag_account_type, new_value=1, source=unknown"}
{"logTime": "1003/185812", "level": "INFO", "message": "Preference changed: name=aadc_info.age_group, new_value=0, source=unknown"}
{"logTime": "1003/185812", "level": "INFO", "message": "Preference changed: name=account_info, new_value=[object], source=unknown"}
{"logTime": "1003/185812", "level": "INFO", "message": "Preference changed: name=edge.account_type, new_value=1, source=unknown"}
{"logTime": "1003/185812", "level": "INFO", "message": "Preference changed: name=edge.services.account_id, new_value=\"c211c3a4351a51cf\", source=unknown"}
{"logTime": "1003/185812", "level": "INFO", "message": "Preference changed: name=google.services.consented_to_sync, new_value=true, source=unknown"}
{"logTime": "1003/185812", "level": "INFO", "message": "Preference changed: name=google.services.last_signed_in_username, new_value=\"shreenaik566@gmail.com\", source=unknown"}
{"logTime": "1003/185812", "level": "INFO", "message": "Preference changed: name=edge.services.last_gaia_id, new_value=\"c211c3a4351a51cf\", source=unknown"}
{"logTime": "1003/185812", "level": "INFO", "message": "Preference changed: name=edge.services.last_username, new_value=\"shreenaik566@gmail.com\", source=unknown"}
{"logTime": "1003/185812", "level": "INFO", "message": "Preference changed: name=edge.profile_matches_os_primary_account, new_value=false, source=unknown"}
{"logTime": "1003/185812", "level": "INFO", "message": "Preference changed: name=signin.signin_with_explicit_browser_signin_on, new_value=true, source=unknown"}
{"logTime": "1003/185812", "level": "INFO", "message": "Preference changed: name=signin.accounts_metadata_dict, new_value=[object], source=unknown"}
{"logTime": "1003/185812", "level": "INFO", "message": "Preference changed: name=safebrowsing.advanced_protection_last_refresh, new_value=\"13435527492654850\", source=unknown"}
{"logTime": "1003/185812", "level": "INFO", "message": "Preference changed: name=edge.merge_chats_status.status, new_value=0, source=unknown"}
{"logTime": "1003/185812", "level": "INFO", "message": "Preference changed: name=edge.merge_chats_status.primary_account_id, new_value=\"c211c3a4351a51cf\", source=unknown"}
{"logTime": "1003/185812", "level": "INFO", "message": "Preference changed: name=google.services.signin.LAST_SIGNIN_ACCESS_POINT.value, new_value=\"17\", source=unknown"}
{"logTime": "1003/185812", "level": "INFO", "message": "Preference changed: name=google.services.signin.LAST_SIGNIN_ACCESS_POINT.time, new_value=\"2026-10-03T18:58:12.655Z\", source=unknown"}
{"logTime": "1003/185812", "level": "INFO", "message": "Preference changed: name=sync.edge_account_type, new_value=1, source=unknown"}
{"logTime": "1003/185812", "level": "INFO", "message": "Preference changed: name=sync.transport_data_per_account, new_value=[object], source=unknown"}
{"logTime": "1003/185812", "level": "INFO", "message": "Preference changed: name=sync.transport_data_per_account, new_value=[object], source=unknown"}
{"logTime": "1003/185812", "level": "INFO", "message": "Preference changed: name=sync.gaia_id, new_value=\"c211c3a4351a51cf\", source=unknown"}
{"logTime": "1003/185812", "level": "INFO", "message": "Preference changed: name=edge.msa_sso_info.allow_for_non_msa_profile, new_value=false, source=unknown"}
{"logTime": "1003/185812", "level": "INFO", "message": "Preference changed: name=edge.profile_sso_info.msa_sso_algo_state, new_value=2, source=unknown"}
{"logTime": "1003/185812", "level": "INFO", "message": "Preference changed: name=edge.profile_sso_info.msa_sso_state_reached_by, new_value=3, source=unknown"}
{"logTime": "1003/185812", "level": "INFO", "message": "Preference changed: name=edge.workspaces.state, new_value=\"{\\\"edgeWorkspacePrefsVersion\\\":2,\\\"enableFluid\\\":true,\\\"failedRestartSpaceId\\\":\\\"\\\",\\\"failedToConnectToFluid\\\":false,\\\"fluidMigrationStatus\\\":false,\\\"fluidStatus\\\":0,\\\"fre_shown\\\":false,\\\"fromCache\\\":false,\\\"isFluidPreferencesConnected\\\":false,\\\"isSpaceOpening\\\":false,\\\"openingSpaceId\\\":\\\"\\\",\\\"statusForScreenReaders\\\":\\\"\\\",\\\"workspacePopupMode\\\":9,\\\"workspacesForExternalLinks\\\":[]}\", source=unknown"}
{"logTime": "1003/185812", "level": "INFO", "message": "Preference changed: name=visual_search.dma_state, new_value=1, source=unknown"}
{"logTime": "1003/185812", "level": "INFO", "message": "Preference changed: name=nurturing.time_of_last_sync_consent_view, new_value=\"13435527492695147\", source=unknown"}
{"logTime": "1003/185812", "level": "INFO", "message": "PrefStore write completed: store=4, success=true"}
{"logTime": "1003/185812", "level": "INFO", "message": "PrefStore write completed: store=4, success=true"}
{"logTime": "1003/185812", "level": "INFO", "message": "PrefStore write completed: store=4, success=true"}
{"logTime": "1003/185812", "level": "INFO", "message": "PrefStore write completed: store=4, success=true"}
{"logTime": "1003/185812", "level": "INFO", "message": "Preference changed: name=profile.content_settings.exceptions.popups, new_value=[object], source=unknown"}
{"logTime": "1003/185812", "level": "INFO", "message": "Preference changed: name=import_items_failure_state.reimport.ie_react, new_value=62432, source=unknown"}
{"logTime": "1003/185812", "level": "INFO", "message": "Preference changed: name=sync.has_been_enabled, new_value=true, source=unknown"}
{"logTime": "1003/185812", "level": "INFO", "message": "Preference changed: name=sync_consent_recorded, new_value=true, source=unknown"}
{"logTime": "1003/185812", "level": "INFO", "message": "Preference changed: name=sync.has_setup_completed, new_value=true, source=unknown"}
{"logTime": "1003/185812", "level": "INFO", "message": "Preference changed: name=sync.keep_everything_synced, new_value=true, source=unknown"}
{"logTime": "1003/185812", "level": "INFO", "message": "Preference changed: name=web_apps.last_preinstall_synchronize_version, new_value=\"154\", source=unknown"}
{"logTime": "1003/185812", "level": "INFO", "message": "Preference changed: name=web_apps.did_migrate_default_chrome_apps, new_value=[object], source=unknown"}
{"logTime": "1003/185812", "level": "INFO", "message": "Preference changed: name=web_apps.did_migrate_default_chrome_apps, new_value=[object], source=unknown"}
{"logTime": "1003/185812", "level": "INFO", "message": "Preference changed: name=extensions.settings, new_value=[object], source=unknown"}
{"logTime": "1003/185813", "level": "INFO", "message": "Preference changed: name=edge_triggering.config_version, new_value=\"1.42.2\", source=unknown"}
{"logTime": "1003/185813", "level": "INFO", "message": "Preference changed: name=pinned_sites.pin_metadata, new_value=[object], source=unknown"}
{"logTime": "1003/185813", "level": "INFO", "message": "Preference changed: name=optimization_guide.hintsfetcher.hosts_successfully_fetched, new_value=[object], source=unknown"}
{"logTime": "1003/185813", "level": "INFO", "message": "Preference changed: name=sync.cached_persistent_auth_error, new_value=false, source=unknown"}
{"logTime": "1003/185813", "level": "INFO", "message": "Preference changed: name=extensions.settings, new_value=[object], source=unknown"}
{"logTime": "1003/185813", "level": "INFO", "message": "Preference changed: name=extensions.settings, new_value=[object], source=unknown"}
{"logTime": "1003/185813", "level": "INFO", "message": "Preference changed: name=extensions.settings, new_value=[object], source=unknown"}
{"logTime": "1003/185813", "level": "INFO", "message": "Preference changed: name=extensions.settings, new_value=[object], source=unknown"}
{"logTime": "1003/185813", "level": "INFO", "message": "Preference changed: name=extensions.settings, new_value=[object], source=unknown"}
{"logTime": "1003/185813", "level": "INFO", "message": "Preference changed: name=extensions.settings, new_value=[object], source=unknown"}
{"logTime": "1003/185813", "level": "INFO", "message": "Preference changed: name=extensions.settings, new_value=[object], source=unknown"}
{"logTime": "1003/185813", "level": "INFO", "message": "Preference changed: name=extensions.settings, new_value=[object], source=unknown"}
{"logTime": "1003/185813", "level": "INFO", "message": "Preference changed: name=extensions.settings, new_value=[object], source=unknown"}
{"logTime": "1003/185813", "level": "INFO", "message": "Preference changed: name=extensions.settings, new_value=[object], source=unknown"}
{"logTime": "1003/185813", "level": "INFO", "message": "Preference changed: name=extensions.settings, new_value=[object], source=unknown"}
{"logTime": "1003/185813", "level": "INFO", "message": "Preference changed: name=extensions.settings, new_value=[object], source=unknown"}
{"logTime": "1003/185813", "level": "INFO", "message": "Preference changed: name=extensions.settings, new_value=[object], source=unknown"}
{"logTime": "1003/185813", "level": "INFO", "message": "Preference changed: name=safebrowsing.advanced_protection_last_refresh, new_value=\"13435527493859541\", source=unknown"}
{"logTime": "1003/185813", "level": "INFO", "message": "Preference changed: name=account_info, new_value=[object], source=unknown"}
{"logTime": "1003/185813", "level": "INFO", "message": "Preference changed: name=profile.is_relative_to_aad, new_value=false, source=unknown"}
{"logTime": "1003/185814", "level": "INFO", "message": "Preference changed: name=extensions.install_signature, new_value=[object], source=unknown"}
{"logTime": "1003/185814", "level": "INFO", "message": "Preference changed: name=edge_cloud_messaging.cached_target_token.target_token, new_value=\"Z4nNdXIZV2zG8S4DcSFATw==$BQPiJd+iUuhZw1uyMFUxmEM8pmbKlm/7J9LDevfK2fQAML1Nnu/pUsjGdToZ2Hhv1EnCp8buHoiH/s+XkaqpMUEMIZnx5AxpS5OLpowDvo//mqRrDVtsOKe0ZS7Ff1mBY88QmzV4Q8/JUkrKFVKgYoyFMOwZwP4/IwanTlNT/ok=\", source=unknown"}
{"logTime": "1003/185814", "level": "INFO", "message": "Preference changed: name=edge_cloud_messaging.cached_target_token.cv, new_value=\"1158840445506159616\", source=unknown"}
{"logTime": "1003/185814", "level": "INFO", "message": "Preference changed: name=edge_cloud_messaging.cached_target_token.time, new_value=\"13435527494572127\", source=unknown"}
{"logTime": "1003/185814", "level": "INFO", "message": "Preference changed: name=edge_copilot.msa_eligibility_info, new_value=[object], source=unknown"}
{"logTime": "1003/185814", "level": "INFO", "message": "Preference changed: name=edge_rewards.hva_promotions, new_value=[object], source=unknown"}
{"logTime": "1003/185814", "level": "INFO", "message": "Preference changed: name=edge_rewards.promotions, new_value=[object], source=unknown"}
{"logTime": "1003/185814", "level": "INFO", "message": "Preference changed: name=edge_rewards.hva_promotions, new_value=[object], source=unknown"}
{"logTime": "1003/185814", "level": "INFO", "message": "Preference changed: name=edge_rewards.user_is_conscious, new_value=true, source=unknown"}
{"logTime": "1003/185814", "level": "INFO", "message": "Preference changed: name=edge_rewards.cache_data, new_value=\"CAEQMEoCaW4=\", source=unknown"}
{"logTime": "1003/185814", "level": "INFO", "message": "Preference changed: name=muid.values_seen, new_value=[object], source=unknown"}
{"logTime": "1003/185814", "level": "INFO", "message": "Preference changed: name=edge_rewards.referral_hash, new_value=\"621009B5\", source=unknown"}
{"logTime": "1003/185815", "level": "INFO", "message": "Preference changed: name=extensions.settings, new_value=[object], source=unknown"}
{"logTime": "1003/185815", "level": "INFO", "message": "Preference changed: name=extensions.settings, new_value=[object], source=unknown"}
{"logTime": "1003/185815", "level": "INFO", "message": "Preference changed: name=extensions.settings, new_value=[object], source=unknown"}
{"logTime": "1003/185815", "level": "INFO", "message": "Preference changed: name=extensions.settings, new_value=[object], source=unknown"}
{"logTime": "1003/185815", "level": "INFO", "message": "Preference changed: name=extensions.settings, new_value=[object], source=unknown"}
{"logTime": "1003/185815", "level": "INFO", "message": "Preference changed: name=extensions.settings, new_value=[object], source=unknown"}
{"logTime": "1003/185815", "level": "INFO", "message": "Preference changed: name=extensions.settings, new_value=[object], source=unknown"}
{"logTime": "1003/185815", "level": "INFO", "message": "Preference changed: name=extensions.settings, new_value=[object], source=unknown"}
{"logTime": "1003/185815", "level": "INFO", "message": "Preference changed: name=extensions.settings, new_value=[object], source=unknown"}
{"logTime": "1003/185815", "level": "INFO", "message": "Preference changed: name=extensions.settings, new_value=[object], source=unknown"}
{"logTime": "1003/185815", "level": "INFO", "message": "Preference changed: name=extensions.settings, new_value=[object], source=unknown"}
{"logTime": "1003/185815", "level": "INFO", "message": "Preference changed: name=extensions.settings, new_value=[object], source=unknown"}
{"logTime": "1003/185815", "level": "INFO", "message": "Preference changed: name=extensions.settings, new_value=[object], source=unknown"}
{"logTime": "1003/185815", "level": "INFO", "message": "Preference changed: name=extensions.settings, new_value=[object], source=unknown"}
{"logTime": "1003/185815", "level": "INFO", "message": "Preference changed: name=extensions.settings, new_value=[object], source=unknown"}
{"logTime": "1003/185815", "level": "INFO", "message": "Preference changed: name=extensions.settings, new_value=[object], source=unknown"}
{"logTime": "1003/185815", "level": "INFO", "message": "Preference changed: name=extensions.settings, new_value=[object], source=unknown"}
{"logTime": "1003/185815", "level": "INFO", "message": "Preference changed: name=extensions.settings, new_value=[object], source=unknown"}
{"logTime": "1003/185815", "level": "INFO", "message": "Preference changed: name=extensions.settings, new_value=[object], source=unknown"}
{"logTime": "1003/185815", "level": "INFO", "message": "Preference changed: name=extensions.settings, new_value=[object], source=unknown"}
{"logTime": "1003/185815", "level": "INFO", "message": "Preference changed: name=extensions.settings, new_value=[object], source=unknown"}
{"logTime": "1003/185815", "level": "INFO", "message": "Preference changed: name=extensions.settings, new_value=[object], source=unknown"}
{"logTime": "1003/185815", "level": "INFO", "message": "Preference changed: name=extensions.settings, new_value=[object], source=unknown"}
{"logTime": "1003/185815", "level": "INFO", "message": "Preference changed: name=extensions.settings, new_value=[object], source=unknown"}
{"logTime": "1003/185815", "level": "INFO", "message": "Preference changed: name=extensions.settings, new_value=[object], source=unknown"}
{"logTime": "1003/185815", "level": "INFO", "message": "Preference changed: name=extensions.settings, new_value=[object], source=unknown"}
{"logTime": "1003/185815", "level": "INFO", "message": "Preference changed: name=extensions.settings, new_value=[object], source=unknown"}
{"logTime": "1003/185815", "level": "INFO", "message": "Preference changed: name=extensions.settings, new_value=[object], source=unknown"}
{"logTime": "1003/185815", "level": "INFO", "message": "Preference changed: name=extensions.settings, new_value=[object], source=unknown"}
{"logTime": "1003/185815", "level": "INFO", "message": "Preference changed: name=extensions.settings, new_value=[object], source=unknown"}
{"logTime": "1003/185815", "level": "INFO", "message": "Preference changed: name=extensions.settings, new_value=[object], source=unknown"}
{"logTime": "1003/185815", "level": "INFO", "message": "Preference changed: name=extensions.settings, new_value=[object], source=unknown"}
{"logTime": "1003/185815", "level": "INFO", "message": "Preference changed: name=extensions.settings, new_value=[object], source=unknown"}
{"logTime": "1003/185815", "level": "INFO", "message": "Preference changed: name=extensions.settings, new_value=[object], source=unknown"}
{"logTime": "1003/185815", "level": "INFO", "message": "Preference changed: name=extensions.settings, new_value=[object], source=unknown"}
{"logTime": "1003/185816", "level": "INFO", "message": "Preference changed: name=sync.cached_passphrase_type, new_value=2, source=unknown"}
{"logTime": "1003/185816", "level": "INFO", "message": "Preference changed: name=sync.transport_data_per_account, new_value=[object], source=unknown"}
{"logTime": "1003/185816", "level": "INFO", "message": "Preference changed: name=sync.transport_data_per_account, new_value=[object], source=unknown"}
{"logTime": "1003/185816", "level": "INFO", "message": "Preference changed: name=sync.transport_data_per_account, new_value=[object], source=unknown"}
{"logTime": "1003/185816", "level": "INFO", "message": "Preference changed: name=sync.cached_trusted_vault_auto_upgrade_experiment_group, new_value=\"\", source=unknown"}
{"logTime": "1003/185816", "level": "INFO", "message": "Preference changed: name=sync.local_device_guids_with_timestamp, new_value=[object], source=unknown"}
{"logTime": "1003/185816", "level": "INFO", "message": "Preference changed: name=sync.local_device_guids_with_timestamp, new_value=[object], source=unknown"}
{"logTime": "1003/185816", "level": "INFO", "message": "Preference changed: name=extensions.microsoft_install_signature, new_value=[object], source=unknown"}
{"logTime": "1003/185817", "level": "INFO", "message": "Preference changed: name=extensions.microsoft_install_signature, new_value=[object], source=unknown"}
{"logTime": "1003/185956", "level": "INFO", "message": "UserPrefStore loaded: error=NONE (0)"}
{"logTime": "1003/185956", "level": "INFO", "message": "Preference changed: name=optimization_guide.previously_registered_optimization_types, new_value=[object], source=unknown"}
{"logTime": "1003/185956", "level": "INFO", "message": "Preference changed: name=extensions.chrome_url_overrides, new_value=[object], source=unknown"}
{"logTime": "1003/185956", "level": "INFO", "message": "Preference changed: name=sessions.event_log, new_value=[object], source=unknown"}
{"logTime": "1003/185956", "level": "INFO", "message": "Preference changed: name=optimization_guide.previously_registered_optimization_types, new_value=[object], source=unknown"}
{"logTime": "1003/185956", "level": "INFO", "message": "Preference changed: name=optimization_guide.previously_registered_optimization_types, new_value=[object], source=unknown"}
{"logTime": "1003/185956", "level": "INFO", "message": "Preference changed: name=optimization_guide.previously_registered_optimization_types, new_value=[object], source=unknown"}
{"logTime": "1003/185956", "level": "INFO", "message": "Preference changed: name=browser.edge_sidebar_visibility, new_value=[object], source=unknown"}
{"logTime": "1003/185956", "level": "INFO", "message": "Preference changed: name=browser.edge_sidebar_visibility, new_value=[object], source=unknown"}
{"logTime": "1003/185956", "level": "INFO", "message": "Preference changed: name=optimization_guide.previously_registered_optimization_types, new_value=[object], source=unknown"}
{"logTime": "1003/185956", "level": "INFO", "message": "Preference changed: name=optimization_guide.previously_registered_optimization_types, new_value=[object], source=unknown"}
{"logTime": "1003/185956", "level": "INFO", "message": "Preference changed: name=edge_pinning_campaign.precomputed_campaign_data, new_value=[object], source=unknown"}
{"logTime": "1003/185956", "level": "INFO", "message": "Preference changed: name=profile.network_pbs, new_value=[object], source=unknown"}
{"logTime": "1003/185956", "level": "INFO", "message": "Preference changed: name=profile.password_hash_data_list, new_value=[object], source=unknown"}
{"logTime": "1003/185956", "level": "INFO", "message": "Preference changed: name=profile.edge_crash_exit_count, new_value=1, source=unknown"}
{"logTime": "1003/185956", "level": "INFO", "message": "Preference changed: name=optimization_guide.previously_registered_optimization_types, new_value=[object], source=unknown"}
{"logTime": "1003/185956", "level": "INFO", "message": "Preference changed: name=browser.show_toolbar_workspaces_button, new_value=false, source=unknown"}
{"logTime": "1003/185956", "level": "INFO", "message": "Preference changed: name=in_product_help.session_last_active_time, new_value=\"13435527596433207\", source=unknown"}
{"logTime": "1003/185956", "level": "INFO", "message": "Preference changed: name=sync.transport_data_per_account, new_value=[object], source=unknown"}
{"logTime": "1003/185956", "level": "INFO", "message": "Preference changed: name=sync.transport_data_per_account, new_value=[object], source=unknown"}
{"logTime": "1003/185956", "level": "INFO", "message": "Preference changed: name=edge_rewards.coachmark_promotions, new_value=[object], source=unknown"}
{"logTime": "1003/185956", "level": "INFO", "message": "Preference changed: name=edge_rewards.hva_promotions, new_value=[object], source=unknown"}
{"logTime": "1003/185956", "level": "INFO", "message": "Preference changed: name=optimization_guide.previously_registered_optimization_types, new_value=[object], source=unknown"}
{"logTime": "1003/185956", "level": "INFO", "message": "Preference changed: name=collections.prism_collections.policy.cached, new_value=2, source=unknown"}
{"logTime": "1003/185956", "level": "INFO", "message": "Preference changed: name=profile.content_settings.exceptions.storage_access_header_origin_trial, new_value=[object], source=unknown"}
{"logTime": "1003/185956", "level": "INFO", "message": "Preference changed: name=sessions.event_log, new_value=[object], source=unknown"}
{"logTime": "1003/185956", "level": "INFO", "message": "Preference changed: name=schedule_to_flush_to_disk, new_value=\"13435527596491088\", source=unknown"}
{"logTime": "1003/185956", "level": "INFO", "message": "Preference changed: name=schedule_to_flush_to_disk, new_value=\"13435527596494068\", source=unknown"}
{"logTime": "1003/185956", "level": "INFO", "message": "Preference changed: name=account_info, new_value=[object], source=unknown"}
{"logTime": "1003/185956", "level": "INFO", "message": "Preference changed: name=safebrowsing.advanced_protection_last_refresh, new_value=\"13435527596495162\", source=unknown"}
{"logTime": "1003/185956", "level": "INFO", "message": "Preference changed: name=optimization_guide.previously_registered_optimization_types, new_value=[object], source=unknown"}
{"logTime": "1003/185956", "level": "INFO", "message": "Preference changed: name=extensions.chrome_url_overrides, new_value=[object], source=unknown"}
{"logTime": "1003/185956", "level": "INFO", "message": "PrefStore write completed: store=4, success=true"}
{"logTime": "1003/185956", "level": "INFO", "message": "PrefStore write completed: store=4, success=true"}
{"logTime": "1003/185956", "level": "INFO", "message": "Preference changed: name=sessions.event_log, new_value=[object], source=unknown"}
{"logTime": "1003/185956", "level": "INFO", "message": "Preference changed: name=session_restore_prompt.ignored, new_value=false, source=unknown"}
{"logTime": "1003/185956", "level": "INFO", "message": "Preference changed: name=sync.cached_persistent_auth_error, new_value=false, source=unknown"}
{"logTime": "1003/185956", "level": "INFO", "message": "Preference changed: name=collections.prism_collections.enabled, new_value=0, source=unknown"}
{"logTime": "1003/185957", "level": "INFO", "message": "Preference changed: name=profile.content_settings.exceptions.site_engagement, new_value=[object], source=unknown"}
{"logTime": "1003/185957", "level": "INFO", "message": "Preference changed: name=profile.last_engagement_time, new_value=\"13435527597588860\", source=unknown"}
{"logTime": "1003/185958", "level": "INFO", "message": "Preference changed: name=sync.cached_passphrase_type, new_value=2, source=unknown"}
{"logTime": "1003/185958", "level": "INFO", "message": "Preference changed: name=sync.transport_data_per_account, new_value=[object], source=unknown"}
{"logTime": "1003/185958", "level": "INFO", "message": "Preference changed: name=sync.transport_data_per_account, new_value=[object], source=unknown"}
{"logTime": "1003/185958", "level": "INFO", "message": "Preference changed: name=sync.transport_data_per_account, new_value=[object], source=unknown"}
{"logTime": "1003/185958", "level": "INFO", "message": "Preference changed: name=sync.cached_trusted_vault_auto_upgrade_experiment_group, new_value=\"\", source=unknown"}
{"logTime": "1003/185958", "level": "INFO", "message": "Preference changed: name=sync.local_device_guids_with_timestamp, new_value=[object], source=unknown"}
{"logTime": "1003/185958", "level": "INFO", "message": "Preference changed: name=sync.local_device_guids_with_timestamp, new_value=[object], source=unknown"}
{"logTime": "1003/185959", "level": "INFO", "message": "Preference changed: name=edge_rewards.hva_promotions, new_value=[object], source=unknown"}
{"logTime": "1003/185959", "level": "INFO", "message": "Preference changed: name=edge_rewards.promotions, new_value=[object], source=unknown"}
{"logTime": "1003/185959", "level": "INFO", "message": "Preference changed: name=edge_rewards.hva_promotions, new_value=[object], source=unknown"}
{"logTime": "1003/185959", "level": "INFO", "message": "Preference changed: name=edge_rewards.user_is_conscious, new_value=true, source=unknown"}
{"logTime": "1003/185959", "level": "INFO", "message": "Preference changed: name=edge_rewards.cache_data, new_value=\"CAEQMEoCaW4=\", source=unknown"}
{"logTime": "1003/185959", "level": "INFO", "message": "Preference changed: name=muid.values_seen, new_value=[object], source=unknown"}
{"logTime": "1003/185959", "level": "INFO", "message": "Preference changed: name=edge_rewards.referral_hash, new_value=\"621009B5\", source=unknown"}
{"logTime": "1003/185959", "level": "INFO", "message": "Preference changed: name=edge_pinning_campaign.precomputed_campaign_data, new_value=[object], source=unknown"}
{"logTime": "1003/185959", "level": "INFO", "message": "Preference changed: name=edge_cloud_messaging.cached_target_token.target_token, new_value=\"9g/Oxf4sa0de1VBGdZsS2Q==$TNLj9Ze8r0c4yKjfKsPVbp5MATZ+4nHqOiGe11ygzdlE/GkGI3Bg0ofSWT/m36S+oND5KtK8USUrgWo1R+QPofg/fRZU8H7C82lsD0MSMEf3gtSLfmEkyUKgXBC2ELKwmd8H5aNuTvpFHn1Y+fxsnzpWcmrc+OSrmnDKIHkMHm4=\", source=unknown"}
{"logTime": "1003/185959", "level": "INFO", "message": "Preference changed: name=edge_cloud_messaging.cached_target_token.cv, new_value=\"1158840886021335808\", source=unknown"}
{"logTime": "1003/185959", "level": "INFO", "message": "Preference changed: name=edge_cloud_messaging.cached_target_token.time, new_value=\"13435527599527457\", source=unknown"}
{"logTime": "1003/185959", "level": "INFO", "message": "Preference changed: name=extensions.settings, new_value=[object], source=unknown"}
{"logTime": "1003/185959", "level": "INFO", "message": "Preference changed: name=web_apps.last_preinstall_synchronize_version, new_value=\"154\", source=unknown"}
{"logTime": "1003/185959", "level": "INFO", "message": "Preference changed: name=web_apps.did_migrate_default_chrome_apps, new_value=[object], source=unknown"}
{"logTime": "1003/185959", "level": "INFO", "message": "Preference changed: name=web_apps.did_migrate_default_chrome_apps, new_value=[object], source=unknown"}
{"logTime": "1003/185959", "level": "INFO", "message": "Preference changed: name=profile.content_settings.exceptions.popups, new_value=[object], source=unknown"}
{"logTime": "1003/185959", "level": "INFO", "message": "Preference changed: name=import_items_failure_state.reimport.ie_react, new_value=62432, source=unknown"}
{"logTime": "1003/185959", "level": "INFO", "message": "Preference changed: name=edge_triggering.config_version, new_value=\"1.42.2\", source=unknown"}
{"logTime": "1003/185959", "level": "INFO", "message": "Preference changed: name=sync.keystore_encryption_key_state, new_value=\"eyJkb3dubG9hZF9rZXlfcmVzdWx0Ijp0cnVlLCJleHBpcmF0aW9uX3RpbWUiOjE3OTExNDAzOTkuNzcxNzUsImh0dHBfcmVzcG9uc2VfY29kZSI6MjAwLCJrZXlfY291bnQiOjMsImtleV92YWxpZGF0aW9uX3RpbWUiOjAuMCwibmV0X2Vycm9yX2NvZGUiOjEsInByb2Nlc3Nfa2V5X3Jlc3VsdCI6MCwic2V0X2tleV9yZXN1bHQiOnRydWV9\", source=unknown"}
{"logTime": "1003/185959", "level": "INFO", "message": "Preference changed: name=pinned_sites.pin_metadata, new_value=[object], source=unknown"}
{"logTime": "1003/190000", "level": "INFO", "message": "Preference changed: name=edge_copilot.msa_eligibility_info, new_value=[object], source=unknown"}
{"logTime": "1003/190000", "level": "INFO", "message": "Preference changed: name=extensions.settings, new_value=[object], source=unknown"}
{"logTime": "1003/190000", "level": "INFO", "message": "Preference changed: name=extensions.settings, new_value=[object], source=unknown"}
{"logTime": "1003/190000", "level": "INFO", "message": "Preference changed: name=extensions.settings, new_value=[object], source=unknown"}
{"logTime": "1003/190000", "level": "INFO", "message": "Preference changed: name=extensions.settings, new_value=[object], source=unknown"}
{"logTime": "1003/190000", "level": "INFO", "message": "Preference changed: name=extensions.settings, new_value=[object], source=unknown"}
{"logTime": "1003/190000", "level": "INFO", "message": "Preference changed: name=extensions.settings, new_value=[object], source=unknown"}
{"logTime": "1003/190000", "level": "INFO", "message": "Preference changed: name=extensions.settings, new_value=[object], source=unknown"}
{"logTime": "1003/190000", "level": "INFO", "message": "Preference changed: name=extensions.settings, new_value=[object], source=unknown"}
{"logTime": "1003/190000", "level": "INFO", "message": "Preference changed: name=extensions.settings, new_value=[object], source=unknown"}
{"logTime": "1003/190000", "level": "INFO", "message": "Preference changed: name=extensions.settings, new_value=[object], source=unknown"}
{"logTime": "1003/190000", "level": "INFO", "message": "Preference changed: name=extensions.settings, new_value=[object], source=unknown"}
{"logTime": "1003/190000", "level": "INFO", "message": "Preference changed: name=extensions.settings, new_value=[object], source=unknown"}
{"logTime": "1003/190000", "level": "INFO", "message": "Preference changed: name=extensions.settings, new_value=[object], source=unknown"}
{"logTime": "1003/190000", "level": "INFO", "message": "Preference changed: name=sync.transport_data_per_account, new_value=[object], source=unknown"}
{"logTime": "1003/190000", "level": "INFO", "message": "Preference changed: name=sync.transport_data_per_account, new_value=[object], source=unknown"}
{"logTime": "1003/190000", "level": "INFO", "message": "Preference changed: name=sync.transport_data_per_account, new_value=[object], source=unknown"}
{"logTime": "1003/190000", "level": "INFO", "message": "Preference changed: name=extensions.install_signature, new_value=[object], source=unknown"}
{"logTime": "1003/190000", "level": "INFO", "message": "Preference changed: name=extensions.settings, new_value=[object], source=unknown"}
{"logTime": "1003/190000", "level": "INFO", "message": "Preference changed: name=extensions.settings, new_value=[object], source=unknown"}
{"logTime": "1003/190000", "level": "INFO", "message": "Preference changed: name=extensions.settings, new_value=[object], source=unknown"}
{"logTime": "1003/190000", "level": "INFO", "message": "Preference changed: name=extensions.settings, new_value=[object], source=unknown"}
{"logTime": "1003/190000", "level": "INFO", "message": "Preference changed: name=extensions.settings, new_value=[object], source=unknown"}
{"logTime": "1003/190000", "level": "INFO", "message": "Preference changed: name=extensions.settings, new_value=[object], source=unknown"}
{"logTime": "1003/190000", "level": "INFO", "message": "Preference changed: name=extensions.settings, new_value=[object], source=unknown"}
{"logTime": "1003/190000", "level": "INFO", "message": "Preference changed: name=extensions.settings, new_value=[object], source=unknown"}
{"logTime": "1003/190000", "level": "INFO", "message": "Preference changed: name=extensions.settings, new_value=[object], source=unknown"}
{"logTime": "1003/190000", "level": "INFO", "message": "Preference changed: name=extensions.settings, new_value=[object], source=unknown"}
{"logTime": "1003/190000", "level": "INFO", "message": "Preference changed: name=extensions.settings, new_value=[object], source=unknown"}
{"logTime": "1003/190000", "level": "INFO", "message": "Preference changed: name=extensions.settings, new_value=[object], source=unknown"}
{"logTime": "1003/190000", "level": "INFO", "message": "Preference changed: name=extensions.settings, new_value=[object], source=unknown"}
{"logTime": "1003/190000", "level": "INFO", "message": "Preference changed: name=extensions.settings, new_value=[object], source=unknown"}
{"logTime": "1003/190000", "level": "INFO", "message": "Preference changed: name=extensions.settings, new_value=[object], source=unknown"}
{"logTime": "1003/190000", "level": "INFO", "message": "Preference changed: name=extensions.settings, new_value=[object], source=unknown"}
{"logTime": "1003/190000", "level": "INFO", "message": "Preference changed: name=extensions.settings, new_value=[object], source=unknown"}
{"logTime": "1003/190000", "level": "INFO", "message": "Preference changed: name=extensions.settings, new_value=[object], source=unknown"}
{"logTime": "1003/190001", "level": "INFO", "message": "Preference changed: name=sync.transport_data_per_account, new_value=[object], source=unknown"}
{"logTime": "1003/190001", "level": "INFO", "message": "Preference changed: name=sync.transport_data_per_account, new_value=[object], source=unknown"}
{"logTime": "1003/190001", "level": "INFO", "message": "Preference changed: name=sync.transport_data_per_account, new_value=[object], source=unknown"}
{"logTime": "1003/190001", "level": "INFO", "message": "Preference changed: name=sync.transport_data_per_account, new_value=[object], source=unknown"}
{"logTime": "1003/190001", "level": "INFO", "message": "Preference changed: name=extensions.microsoft_install_signature, new_value=[object], source=unknown"}
{"logTime": "1003/190001", "level": "INFO", "message": "Preference changed: name=profile.is_relative_to_aad, new_value=false, source=unknown"}
{"logTime": "1003/190001", "level": "INFO", "message": "Preference changed: name=extensions.settings, new_value=[object], source=unknown"}
{"logTime": "1003/190001", "level": "INFO", "message": "Preference changed: name=extensions.settings, new_value=[object], source=unknown"}
{"logTime": "1003/190001", "level": "INFO", "message": "Preference changed: name=extensions.settings, new_value=[object], source=unknown"}
{"logTime": "1003/190001", "level": "INFO", "message": "Preference changed: name=extensions.settings, new_value=[object], source=unknown"}
{"logTime": "1003/190001", "level": "INFO", "message": "Preference changed: name=extensions.settings, new_value=[object], source=unknown"}
{"logTime": "1003/190001", "level": "INFO", "message": "Preference changed: name=extensions.settings, new_value=[object], source=unknown"}
{"logTime": "1003/190001", "level": "INFO", "message": "Preference changed: name=extensions.settings, new_value=[object], source=unknown"}
{"logTime": "1003/190001", "level": "INFO", "message": "Preference changed: name=extensions.settings, new_value=[object], source=unknown"}
{"logTime": "1003/190001", "level": "INFO", "message": "Preference changed: name=extensions.settings, new_value=[object], source=unknown"}
{"logTime": "1003/190001", "level": "INFO", "message": "Preference changed: name=extensions.settings, new_value=[object], source=unknown"}
{"logTime": "1003/190001", "level": "INFO", "message": "Preference changed: name=extensions.settings, new_value=[object], source=unknown"}
{"logTime": "1003/190001", "level": "INFO", "message": "Preference changed: name=extensions.settings, new_value=[object], source=unknown"}
{"logTime": "1003/190001", "level": "INFO", "message": "Preference changed: name=extensions.settings, new_value=[object], source=unknown"}
{"logTime": "1003/190001", "level": "INFO", "message": "Preference changed: name=extensions.settings, new_value=[object], source=unknown"}
{"logTime": "1003/190001", "level": "INFO", "message": "Preference changed: name=extensions.settings, new_value=[object], source=unknown"}
{"logTime": "1003/190001", "level": "INFO", "message": "Preference changed: name=arbitration_last_notification_shown, new_value=\"13435527601857496\", source=unknown"}
{"logTime": "1003/190001", "level": "INFO", "message": "Preference changed: name=extensions.settings, new_value=[object], source=unknown"}
{"logTime": "1003/190002", "level": "INFO", "message": "Preference changed: name=extensions.microsoft_install_signature, new_value=[object], source=unknown"}
{"logTime": "1003/190003", "level": "INFO", "message": "Preference changed: name=sync_profile_info.personalization_consent, new_value=false, source=unknown"}
{"logTime": "1003/190003", "level": "INFO", "message": "Preference changed: name=edge_sync_profile.interested_types, new_value=[object], source=unknown"}
{"logTime": "1003/190003", "level": "INFO", "message": "Preference changed: name=sync.transport_data_per_account, new_value=[object], source=unknown"}
{"logTime": "1003/190003", "level": "INFO", "message": "Preference changed: name=sync.transport_data_per_account, new_value=[object], source=unknown"}
{"logTime": "1003/190003", "level": "INFO", "message": "Preference changed: name=sync.transport_data_per_account, new_value=[object], source=unknown"}
{"logTime": "1003/190003", "level": "INFO", "message": "Preference changed: name=edge.workspaces.state, new_value=\"{\\\"edgeWorkspacePrefsVersion\\\":2,\\\"enableFluid\\\":true,\\\"failedRestartSpaceId\\\":\\\"\\\",\\\"failedToConnectToFluid\\\":false,\\\"fluidMigrationStatus\\\":false,\\\"fluidStatus\\\":0,\\\"fre_shown\\\":false,\\\"fromCache\\\":false,\\\"isFluidPreferencesConnected\\\":false,\\\"isSpaceOpening\\\":false,\\\"openingSpaceId\\\":\\\"\\\",\\\"statusForScreenReaders\\\":\\\"\\\",\\\"workspacePopupMode\\\":0,\\\"workspacesForExternalLinks\\\":[]}\", source=unknown"}
{"logTime": "1003/190003", "level": "INFO", "message": "Preference changed: name=sync.transport_data_per_account, new_value=[object], source=unknown"}
{"logTime": "1003/190003", "level": "INFO", "message": "Preference changed: name=sync.transport_data_per_account, new_value=[object], source=unknown"}
{"logTime": "1003/190003", "level": "INFO", "message": "Preference changed: name=sync.transport_data_per_account, new_value=[object], source=unknown"}
{"logTime": "1003/214200", "level": "INFO", "message": "UserPrefStore loaded: error=NONE (0)"}
{"logTime": "1003/214200", "level": "INFO", "message": "Preference changed: name=optimization_guide.previously_registered_optimization_types, new_value=[object], source=unknown"}
{"logTime": "1003/214200", "level": "INFO", "message": "Preference changed: name=extensions.chrome_url_overrides, new_value=[object], source=unknown"}
{"logTime": "1003/214200", "level": "INFO", "message": "Preference changed: name=sessions.event_log, new_value=[object], source=unknown"}
{"logTime": "1003/214200", "level": "INFO", "message": "Preference changed: name=optimization_guide.previously_registered_optimization_types, new_value=[object], source=unknown"}
{"logTime": "1003/214200", "level": "INFO", "message": "Preference changed: name=optimization_guide.previously_registered_optimization_types, new_value=[object], source=unknown"}
{"logTime": "1003/214200", "level": "INFO", "message": "Preference changed: name=optimization_guide.previously_registered_optimization_types, new_value=[object], source=unknown"}
{"logTime": "1003/214200", "level": "INFO", "message": "Preference changed: name=browser.edge_sidebar_visibility, new_value=[object], source=unknown"}
{"logTime": "1003/214200", "level": "INFO", "message": "Preference changed: name=browser.edge_sidebar_visibility, new_value=[object], source=unknown"}
{"logTime": "1003/214200", "level": "INFO", "message": "Preference changed: name=optimization_guide.previously_registered_optimization_types, new_value=[object], source=unknown"}
{"logTime": "1003/214200", "level": "INFO", "message": "Preference changed: name=optimization_guide.previously_registered_optimization_types, new_value=[object], source=unknown"}
{"logTime": "1003/214200", "level": "INFO", "message": "Preference changed: name=edge_pinning_campaign.precomputed_campaign_data, new_value=[object], source=unknown"}
{"logTime": "1003/214200", "level": "INFO", "message": "Preference changed: name=profile.network_pbs, new_value=[object], source=unknown"}
{"logTime": "1003/214200", "level": "INFO", "message": "Preference changed: name=profile.password_hash_data_list, new_value=[object], source=unknown"}
{"logTime": "1003/214200", "level": "INFO", "message": "Preference changed: name=profile.edge_crash_exit_count, new_value=2, source=unknown"}
{"logTime": "1003/214200", "level": "INFO", "message": "Preference changed: name=optimization_guide.previously_registered_optimization_types, new_value=[object], source=unknown"}
{"logTime": "1003/214200", "level": "INFO", "message": "Preference changed: name=browser.show_toolbar_workspaces_button, new_value=false, source=unknown"}
{"logTime": "1003/214200", "level": "INFO", "message": "Preference changed: name=in_product_help.session_last_active_time, new_value=\"13435537320545079\", source=unknown"}
{"logTime": "1003/214200", "level": "INFO", "message": "Preference changed: name=sync.transport_data_per_account, new_value=[object], source=unknown"}
{"logTime": "1003/214200", "level": "INFO", "message": "Preference changed: name=sync.transport_data_per_account, new_value=[object], source=unknown"}
{"logTime": "1003/214200", "level": "INFO", "message": "Preference changed: name=edge_rewards.coachmark_promotions, new_value=[object], source=unknown"}
{"logTime": "1003/214200", "level": "INFO", "message": "Preference changed: name=edge_rewards.hva_promotions, new_value=[object], source=unknown"}
{"logTime": "1003/214200", "level": "INFO", "message": "Preference changed: name=optimization_guide.previously_registered_optimization_types, new_value=[object], source=unknown"}
{"logTime": "1003/214200", "level": "INFO", "message": "Preference changed: name=collections.prism_collections.policy.cached, new_value=2, source=unknown"}
{"logTime": "1003/214200", "level": "INFO", "message": "Preference changed: name=profile.content_settings.exceptions.storage_access_header_origin_trial, new_value=[object], source=unknown"}
{"logTime": "1003/214200", "level": "INFO", "message": "Preference changed: name=schedule_to_flush_to_disk, new_value=\"13435537320621283\", source=unknown"}
{"logTime": "1003/214200", "level": "INFO", "message": "Preference changed: name=schedule_to_flush_to_disk, new_value=\"13435537320623894\", source=unknown"}
{"logTime": "1003/214200", "level": "INFO", "message": "Preference changed: name=account_info, new_value=[object], source=unknown"}
{"logTime": "1003/214200", "level": "INFO", "message": "Preference changed: name=safebrowsing.advanced_protection_last_refresh, new_value=\"13435537320624714\", source=unknown"}
{"logTime": "1003/214200", "level": "INFO", "message": "Preference changed: name=optimization_guide.previously_registered_optimization_types, new_value=[object], source=unknown"}
{"logTime": "1003/214200", "level": "INFO", "message": "Preference changed: name=extensions.chrome_url_overrides, new_value=[object], source=unknown"}
{"logTime": "1003/214200", "level": "INFO", "message": "PrefStore write completed: store=4, success=true"}
{"logTime": "1003/214200", "level": "INFO", "message": "PrefStore write completed: store=4, success=true"}
{"logTime": "1003/214200", "level": "INFO", "message": "Preference changed: name=sync.cached_persistent_auth_error, new_value=false, source=unknown"}
{"logTime": "1003/214200", "level": "INFO", "message": "Preference changed: name=sync.local_device_guids_with_timestamp, new_value=[object], source=unknown"}
{"logTime": "1003/214200", "level": "INFO", "message": "Preference changed: name=collections.prism_collections.enabled, new_value=0, source=unknown"}
{"logTime": "1003/214202", "level": "INFO", "message": "Preference changed: name=session_restore_prompt.ignored, new_value=true, source=unknown"}
{"logTime": "1003/214202", "level": "INFO", "message": "Preference changed: name=edge_cloud_messaging.cached_target_token.target_token, new_value=\"K8UHvXrYaUh099mXgA/a7g==$15+NvW250L0ECtF0LBWeaqIhJrN5iHKRGLhwXCmKPgsxo1yl6TF2AGgR7NAfxPBxj3W8CusDW4yVFf1jmXUfhx8HsnzltfcLENTDWeiXmo7EPVtMuRRFc+71ERyljbNSzVROyBWrkRt/ptQqziVo1IgxdcPITqgcc1qra1xgkZg=\", source=unknown"}
{"logTime": "1003/214202", "level": "INFO", "message": "Preference changed: name=edge_cloud_messaging.cached_target_token.cv, new_value=\"1158881674356857344\", source=unknown"}
{"logTime": "1003/214202", "level": "INFO", "message": "Preference changed: name=edge_cloud_messaging.cached_target_token.time, new_value=\"13435537322950199\", source=unknown"}
{"logTime": "1003/214202", "level": "INFO", "message": "Preference changed: name=sync.cached_passphrase_type, new_value=2, source=unknown"}
{"logTime": "1003/214202", "level": "INFO", "message": "Preference changed: name=sync.transport_data_per_account, new_value=[object], source=unknown"}
{"logTime": "1003/214202", "level": "INFO", "message": "Preference changed: name=sync.transport_data_per_account, new_value=[object], source=unknown"}
{"logTime": "1003/214202", "level": "INFO", "message": "Preference changed: name=sync.transport_data_per_account, new_value=[object], source=unknown"}
{"logTime": "1003/214202", "level": "INFO", "message": "Preference changed: name=sync.cached_trusted_vault_auto_upgrade_experiment_group, new_value=\"\", source=unknown"}
{"logTime": "1003/214203", "level": "INFO", "message": "Preference changed: name=sync.local_device_guids_with_timestamp, new_value=[object], source=unknown"}
{"logTime": "1003/214203", "level": "INFO", "message": "Preference changed: name=sync.local_device_guids_with_timestamp, new_value=[object], source=unknown"}
{"logTime": "1003/214203", "level": "INFO", "message": "Preference changed: name=sync.local_device_guids_with_timestamp, new_value=[object], source=unknown"}
{"logTime": "1003/214203", "level": "INFO", "message": "Preference changed: name=sync.local_device_guids_with_timestamp, new_value=[object], source=unknown"}
{"logTime": "1003/214203", "level": "INFO", "message": "Preference changed: name=muid.values_seen, new_value=[object], source=unknown"}
{"logTime": "1003/214203", "level": "INFO", "message": "Preference changed: name=extensions.settings, new_value=[object], source=unknown"}
{"logTime": "1003/214203", "level": "INFO", "message": "Preference changed: name=extensions.settings, new_value=[object], source=unknown"}
{"logTime": "1003/214203", "level": "INFO", "message": "Preference changed: name=extensions.settings, new_value=[object], source=unknown"}
{"logTime": "1003/214203", "level": "INFO", "message": "Preference changed: name=edge_rewards.hva_promotions, new_value=[object], source=unknown"}
{"logTime": "1003/214203", "level": "INFO", "message": "Preference changed: name=edge_rewards.promotions, new_value=[object], source=unknown"}
{"logTime": "1003/214203", "level": "INFO", "message": "Preference changed: name=edge_rewards.hva_promotions, new_value=[object], source=unknown"}
{"logTime": "1003/214203", "level": "INFO", "message": "Preference changed: name=edge_rewards.user_is_conscious, new_value=true, source=unknown"}
{"logTime": "1003/214203", "level": "INFO", "message": "Preference changed: name=edge_rewards.cache_data, new_value=\"CAEQMEoCaW4=\", source=unknown"}
{"logTime": "1003/214203", "level": "INFO", "message": "Preference changed: name=edge.workspaces.migration.last_state, new_value=4, source=unknown"}
{"logTime": "1003/214203", "level": "INFO", "message": "Preference changed: name=edge.workspaces.migration.retry_count, new_value=1, source=unknown"}
{"logTime": "1003/214203", "level": "INFO", "message": "Preference changed: name=edge.workspaces.state, new_value=\"{\\\"edgeWorkspacePrefsVersion\\\":2,\\\"enableFluid\\\":true,\\\"failedRestartSpaceId\\\":\\\"\\\",\\\"failedToConnectToFluid\\\":false,\\\"fluidMigrationStatus\\\":false,\\\"fluidStatus\\\":3,\\\"fre_shown\\\":false,\\\"fromCache\\\":false,\\\"isFluidPreferencesConnected\\\":false,\\\"isSpaceOpening\\\":false,\\\"openingSpaceId\\\":\\\"\\\",\\\"statusForScreenReaders\\\":\\\"\\\",\\\"workspacePopupMode\\\":9,\\\"workspacesForExternalLinks\\\":[]}\", source=unknown"}
{"logTime": "1003/214204", "level": "INFO", "message": "Preference changed: name=extensions.settings, new_value=[object], source=unknown"}
{"logTime": "1003/214204", "level": "INFO", "message": "Preference changed: name=extensions.settings, new_value=[object], source=unknown"}
{"logTime": "1003/214204", "level": "INFO", "message": "Preference changed: name=extensions.settings, new_value=[object], source=unknown"}
{"logTime": "1003/214204", "level": "INFO", "message": "Preference changed: name=extensions.settings, new_value=[object], source=unknown"}
{"logTime": "1003/214204", "level": "INFO", "message": "Preference changed: name=extensions.settings, new_value=[object], source=unknown"}
{"logTime": "1003/214204", "level": "INFO", "message": "Preference changed: name=extensions.settings, new_value=[object], source=unknown"}
{"logTime": "1003/214204", "level": "INFO", "message": "Preference changed: name=extensions.settings, new_value=[object], source=unknown"}
{"logTime": "1003/214204", "level": "INFO", "message": "Preference changed: name=extensions.settings, new_value=[object], source=unknown"}
{"logTime": "1003/214204", "level": "INFO", "message": "Preference changed: name=extensions.settings, new_value=[object], source=unknown"}
{"logTime": "1003/214204", "level": "INFO", "message": "Preference changed: name=extensions.settings, new_value=[object], source=unknown"}
{"logTime": "1003/214204", "level": "INFO", "message": "Preference changed: name=extensions.settings, new_value=[object], source=unknown"}
{"logTime": "1003/214204", "level": "INFO", "message": "Preference changed: name=extensions.settings, new_value=[object], source=unknown"}
{"logTime": "1003/214204", "level": "INFO", "message": "Preference changed: name=extensions.settings, new_value=[object], source=unknown"}
{"logTime": "1003/214204", "level": "INFO", "message": "Preference changed: name=extensions.settings, new_value=[object], source=unknown"}
{"logTime": "1003/214204", "level": "INFO", "message": "Preference changed: name=arbitration_last_notification_shown, new_value=\"13435537324096663\", source=unknown"}
{"logTime": "1003/214204", "level": "INFO", "message": "Preference changed: name=extensions.settings, new_value=[object], source=unknown"}
{"logTime": "1003/214204", "level": "INFO", "message": "Preference changed: name=edge_rewards.referral_hash, new_value=\"621009B5\", source=unknown"}
{"logTime": "1003/214204", "level": "INFO", "message": "Preference changed: name=edge.workspaces.state, new_value=\"{\\\"edgeWorkspacePrefsVersion\\\":2,\\\"enableFluid\\\":true,\\\"failedRestartSpaceId\\\":\\\"\\\",\\\"failedToConnectToFluid\\\":false,\\\"fluidMigrationStatus\\\":false,\\\"fluidStatus\\\":4,\\\"fre_shown\\\":false,\\\"fromCache\\\":false,\\\"isFluidPreferencesConnected\\\":false,\\\"isSpaceOpening\\\":false,\\\"openingSpaceId\\\":\\\"\\\",\\\"statusForScreenReaders\\\":\\\"\\\",\\\"workspacePopupMode\\\":9,\\\"workspacesForExternalLinks\\\":[]}\", source=unknown"}
{"logTime": "1003/214204", "level": "INFO", "message": "Preference changed: name=sync.keystore_encryption_key_state, new_value=\"eyJkb3dubG9hZF9rZXlfcmVzdWx0Ijp0cnVlLCJleHBpcmF0aW9uX3RpbWUiOjE3OTExNTAxMjQuMTU5NTk3LCJodHRwX3Jlc3BvbnNlX2NvZGUiOjIwMCwia2V5X2NvdW50IjozLCJrZXlfdmFsaWRhdGlvbl90aW1lIjowLjAsIm5ldF9lcnJvcl9jb2RlIjoxLCJwcm9jZXNzX2tleV9yZXN1bHQiOjAsInNldF9rZXlfcmVzdWx0Ijp0cnVlfQ==\", source=unknown"}
{"logTime": "1003/214204", "level": "INFO", "message": "Preference changed: name=edge_copilot.msa_eligibility_info, new_value=[object], source=unknown"}
{"logTime": "1003/214204", "level": "INFO", "message": "Preference changed: name=edge_pinning_campaign.precomputed_campaign_data, new_value=[object], source=unknown"}
{"logTime": "1003/214204", "level": "INFO", "message": "Preference changed: name=web_apps.last_preinstall_synchronize_version, new_value=\"154\", source=unknown"}
{"logTime": "1003/214204", "level": "INFO", "message": "Preference changed: name=web_apps.did_migrate_default_chrome_apps, new_value=[object], source=unknown"}
{"logTime": "1003/214204", "level": "INFO", "message": "Preference changed: name=web_apps.did_migrate_default_chrome_apps, new_value=[object], source=unknown"}
{"logTime": "1003/214204", "level": "INFO", "message": "Preference changed: name=profile.content_settings.exceptions.popups, new_value=[object], source=unknown"}
{"logTime": "1003/214204", "level": "INFO", "message": "Preference changed: name=import_items_failure_state.reimport.ie_react, new_value=62432, source=unknown"}
{"logTime": "1003/214204", "level": "INFO", "message": "Preference changed: name=extensions.microsoft_install_signature, new_value=[object], source=unknown"}
{"logTime": "1003/214204", "level": "INFO", "message": "Preference changed: name=edge_triggering.config_version, new_value=\"1.42.2\", source=unknown"}
{"logTime": "1003/214204", "level": "INFO", "message": "Preference changed: name=pinned_sites.pin_metadata, new_value=[object], source=unknown"}
{"logTime": "1003/214204", "level": "INFO", "message": "Preference changed: name=extensions.settings, new_value=[object], source=unknown"}
{"logTime": "1003/214204", "level": "INFO", "message": "Preference changed: name=extensions.settings, new_value=[object], source=unknown"}
{"logTime": "1003/214204", "level": "INFO", "message": "Preference changed: name=extensions.settings, new_value=[object], source=unknown"}
{"logTime": "1003/214204", "level": "INFO", "message": "Preference changed: name=extensions.settings, new_value=[object], source=unknown"}
{"logTime": "1003/214204", "level": "INFO", "message": "Preference changed: name=extensions.settings, new_value=[object], source=unknown"}
{"logTime": "1003/214204", "level": "INFO", "message": "Preference changed: name=extensions.settings, new_value=[object], source=unknown"}
{"logTime": "1003/214204", "level": "INFO", "message": "Preference changed: name=extensions.settings, new_value=[object], source=unknown"}
{"logTime": "1003/214204", "level": "INFO", "message": "Preference changed: name=extensions.settings, new_value=[object], source=unknown"}
{"logTime": "1003/214204", "level": "INFO", "message": "Preference changed: name=extensions.settings, new_value=[object], source=unknown"}
{"logTime": "1003/214204", "level": "INFO", "message": "Preference changed: name=extensions.settings, new_value=[object], source=unknown"}
{"logTime": "1003/214204", "level": "INFO", "message": "Preference changed: name=extensions.settings, new_value=[object], source=unknown"}
{"logTime": "1003/214204", "level": "INFO", "message": "Preference changed: name=extensions.settings, new_value=[object], source=unknown"}
{"logTime": "1003/214204", "level": "INFO", "message": "Preference changed: name=extensions.settings, new_value=[object], source=unknown"}
{"logTime": "1003/214204", "level": "INFO", "message": "Preference changed: name=extensions.settings, new_value=[object], source=unknown"}
{"logTime": "1003/214204", "level": "INFO", "message": "Preference changed: name=extensions.settings, new_value=[object], source=unknown"}
{"logTime": "1003/214204", "level": "INFO", "message": "Preference changed: name=extensions.settings, new_value=[object], source=unknown"}
{"logTime": "1003/214204", "level": "INFO", "message": "Preference changed: name=extensions.settings, new_value=[object], source=unknown"}
{"logTime": "1003/214204", "level": "INFO", "message": "Preference changed: name=sync.transport_data_per_account, new_value=[object], source=unknown"}
{"logTime": "1003/214204", "level": "INFO", "message": "Preference changed: name=sync.transport_data_per_account, new_value=[object], source=unknown"}
{"logTime": "1003/214204", "level": "INFO", "message": "Preference changed: name=sync.transport_data_per_account, new_value=[object], source=unknown"}
{"logTime": "1003/214204", "level": "INFO", "message": "Preference changed: name=extensions.microsoft_install_signature, new_value=[object], source=unknown"}
{"logTime": "1003/214205", "level": "INFO", "message": "Preference changed: name=extensions.settings, new_value=[object], source=unknown"}
{"logTime": "1003/214205", "level": "INFO", "message": "Preference changed: name=extensions.settings, new_value=[object], source=unknown"}
{"logTime": "1003/214205", "level": "INFO", "message": "Preference changed: name=extensions.settings, new_value=[object], source=unknown"}
{"logTime": "1003/214205", "level": "INFO", "message": "Preference changed: name=extensions.settings, new_value=[object], source=unknown"}
{"logTime": "1003/214205", "level": "INFO", "message": "Preference changed: name=extensions.settings, new_value=[object], source=unknown"}
{"logTime": "1003/214205", "level": "INFO", "message": "Preference changed: name=extensions.settings, new_value=[object], source=unknown"}
{"logTime": "1003/214205", "level": "INFO", "message": "Preference changed: name=extensions.settings, new_value=[object], source=unknown"}
{"logTime": "1003/214205", "level": "INFO", "message": "Preference changed: name=extensions.settings, new_value=[object], source=unknown"}
{"logTime": "1003/214205", "level": "INFO", "message": "Preference changed: name=extensions.settings, new_value=[object], source=unknown"}
{"logTime": "1003/214205", "level": "INFO", "message": "Preference changed: name=extensions.settings, new_value=[object], source=unknown"}
{"logTime": "1003/214205", "level": "INFO", "message": "Preference changed: name=extensions.settings, new_value=[object], source=unknown"}
{"logTime": "1003/214205", "level": "INFO", "message": "Preference changed: name=extensions.settings, new_value=[object], source=unknown"}
{"logTime": "1003/214205", "level": "INFO", "message": "Preference changed: name=extensions.settings, new_value=[object], source=unknown"}
{"logTime": "1003/214205", "level": "INFO", "message": "Preference changed: name=sync.transport_data_per_account, new_value=[object], source=unknown"}
{"logTime": "1003/214205", "level": "INFO", "message": "Preference changed: name=sync.transport_data_per_account, new_value=[object], source=unknown"}
{"logTime": "1003/214205", "level": "INFO", "message": "Preference changed: name=sync.transport_data_per_account, new_value=[object], source=unknown"}
{"logTime": "1003/214205", "level": "INFO", "message": "Preference changed: name=sync.transport_data_per_account, new_value=[object], source=unknown"}
{"logTime": "1003/214205", "level": "INFO", "message": "Preference changed: name=profile.is_relative_to_aad, new_value=false, source=unknown"}
{"logTime": "1003/214205", "level": "INFO", "message": "Preference changed: name=extensions.install_signature, new_value=[object], source=unknown"}
{"logTime": "1003/214206", "level": "INFO", "message": "Preference changed: name=sync_profile_info.personalization_consent, new_value=false, source=unknown"}
{"logTime": "1003/214206", "level": "INFO", "message": "Preference changed: name=edge_sync_profile.interested_types, new_value=[object], source=unknown"}
{"logTime": "1003/214206", "level": "INFO", "message": "Preference changed: name=sync.transport_data_per_account, new_value=[object], source=unknown"}
{"logTime": "1003/214206", "level": "INFO", "message": "Preference changed: name=sync.transport_data_per_account, new_value=[object], source=unknown"}
{"logTime": "1003/214206", "level": "INFO", "message": "Preference changed: name=sync.transport_data_per_account, new_value=[object], source=unknown"}
{"logTime": "1003/214206", "level": "INFO", "message": "Preference changed: name=edge.workspaces.state, new_value=\"{\\\"edgeWorkspacePrefsVersion\\\":2,\\\"enableFluid\\\":true,\\\"failedRestartSpaceId\\\":\\\"\\\",\\\"failedToConnectToFluid\\\":false,\\\"fluidMigrationStatus\\\":false,\\\"fluidStatus\\\":4,\\\"fre_shown\\\":false,\\\"fromCache\\\":false,\\\"isFluidPreferencesConnected\\\":false,\\\"isSpaceOpening\\\":false,\\\"openingSpaceId\\\":\\\"\\\",\\\"statusForScreenReaders\\\":\\\"\\\",\\\"workspacePopupMode\\\":0,\\\"workspacesForExternalLinks\\\":[]}\", source=unknown"}
{"logTime": "1003/214207", "level": "INFO", "message": "Preference changed: name=sync.transport_data_per_account, new_value=[object], source=unknown"}
{"logTime": "1003/214207", "level": "INFO", "message": "Preference changed: name=sync.transport_data_per_account, new_value=[object], source=unknown"}
{"logTime": "1003/214207", "level": "INFO", "message": "Preference changed: name=sync.transport_data_per_account, new_value=[object], source=unknown"}
{"logTime": "1003/214209", "level": "INFO", "message": "Preference changed: name=arbitration_using_experiment_config, new_value=false, source=unknown"}
{"logTime": "1003/214210", "level": "INFO", "message": "Preference changed: name=browser.edge_sidebar_visibility, new_value=[object], source=unknown"}
{"logTime": "1003/214210", "level": "INFO", "message": "Preference changed: name=browser.edge_sidebar_visibility_debug, new_value=[object], source=unknown"}
{"logTime": "1003/214210", "level": "INFO", "message": "Preference changed: name=browser.edge_sidebar_visibility, new_value=[object], source=unknown"}
{"logTime": "1003/214210", "level": "INFO", "message": "Preference changed: name=extensions.settings, new_value=[object], source=unknown"}
{"logTime": "1003/214210", "level": "INFO", "message": "Preference changed: name=extensions.settings, new_value=[object], source=unknown"}
{"logTime": "1003/214210", "level": "INFO", "message": "Preference changed: name=extensions.settings, new_value=[object], source=unknown"}
{"logTime": "1003/214210", "level": "INFO", "message": "Preference changed: name=extensions.settings, new_value=[object], source=unknown"}
{"logTime": "1003/214210", "level": "INFO", "message": "Preference changed: name=extensions.settings, new_value=[object], source=unknown"}
{"logTime": "1003/214210", "level": "INFO", "message": "Preference changed: name=extensions.settings, new_value=[object], source=unknown"}
{"logTime": "1003/214210", "level": "INFO", "message": "Preference changed: name=extensions.settings, new_value=[object], source=unknown"}
{"logTime": "1003/214210", "level": "INFO", "message": "Preference changed: name=extensions.settings, new_value=[object], source=unknown"}
{"logTime": "1003/214210", "level": "INFO", "message": "Preference changed: name=extensions.settings, new_value=[object], source=unknown"}
{"logTime": "1003/214210", "level": "INFO", "message": "Preference changed: name=extensions.settings, new_value=[object], source=unknown"}
{"logTime": "1003/214210", "level": "INFO", "message": "Preference changed: name=extensions.settings, new_value=[object], source=unknown"}
{"logTime": "1003/214210", "level": "INFO", "message": "Preference changed: name=extensions.settings, new_value=[object], source=unknown"}
{"logTime": "1003/214210", "level": "INFO", "message": "Preference changed: name=extensions.settings, new_value=[object], source=unknown"}
{"logTime": "1003/214210", "level": "INFO", "message": "Preference changed: name=extensions.settings, new_value=[object], source=unknown"}
{"logTime": "1003/214210", "level": "INFO", "message": "Preference changed: name=extensions.settings, new_value=[object], source=unknown"}
{"logTime": "1003/214210", "level": "INFO", "message": "Preference changed: name=extensions.settings, new_value=[object], source=unknown"}
{"logTime": "1003/214210", "level": "INFO", "message": "Preference changed: name=extensions.settings, new_value=[object], source=unknown"}
{"logTime": "1003/214210", "level": "INFO", "message": "Preference changed: name=extensions.settings, new_value=[object], source=unknown"}
{"logTime": "1003/214210", "level": "INFO", "message": "Preference changed: name=extensions.settings, new_value=[object], source=unknown"}
{"logTime": "1003/214210", "level": "INFO", "message": "Preference changed: name=extensions.settings, new_value=[object], source=unknown"}
{"logTime": "1003/214210", "level": "INFO", "message": "Preference changed: name=extensions.settings, new_value=[object], source=unknown"}
{"logTime": "1003/214210", "level": "INFO", "message": "Preference changed: name=extensions.settings, new_value=[object], source=unknown"}
{"logTime": "1003/214210", "level": "INFO", "message": "Preference changed: name=extensions.settings, new_value=[object], source=unknown"}
{"logTime": "1003/214210", "level": "INFO", "message": "Preference changed: name=extensions.settings, new_value=[object], source=unknown"}
{"logTime": "1003/214210", "level": "INFO", "message": "Preference changed: name=extensions.settings, new_value=[object], source=unknown"}
{"logTime": "1003/214210", "level": "INFO", "message": "Preference changed: name=extensions.settings, new_value=[object], source=unknown"}
{"logTime": "1003/214210", "level": "INFO", "message": "Preference changed: name=extensions.settings, new_value=[object], source=unknown"}
{"logTime": "1003/214210", "level": "INFO", "message": "Preference changed: name=extensions.settings, new_value=[object], source=unknown"}
{"logTime": "1003/214210", "level": "INFO", "message": "Preference changed: name=extensions.settings, new_value=[object], source=unknown"}
{"logTime": "1003/214210", "level": "INFO", "message": "Preference changed: name=extensions.settings, new_value=[object], source=unknown"}
{"logTime": "1003/214210", "level": "INFO", "message": "Preference changed: name=extensions.settings, new_value=[object], source=unknown"}
{"logTime": "1003/214210", "level": "INFO", "message": "Preference changed: name=extensions.settings, new_value=[object], source=unknown"}
{"logTime": "1003/214210", "level": "INFO", "message": "Preference changed: name=extensions.settings, new_value=[object], source=unknown"}
{"logTime": "1003/214210", "level": "INFO", "message": "Preference changed: name=extensions.settings, new_value=[object], source=unknown"}
{"logTime": "1003/214210", "level": "INFO", "message": "Preference changed: name=extensions.settings, new_value=[object], source=unknown"}
{"logTime": "1003/214210", "level": "INFO", "message": "Preference changed: name=extensions.settings, new_value=[object], source=unknown"}
{"logTime": "1003/214210", "level": "INFO", "message": "Preference changed: name=extensions.settings, new_value=[object], source=unknown"}
{"logTime": "1003/214210", "level": "INFO", "message": "Preference changed: name=extensions.settings, new_value=[object], source=unknown"}
{"logTime": "1003/214210", "level": "INFO", "message": "Preference changed: name=extensions.settings, new_value=[object], source=unknown"}
{"logTime": "1003/214210", "level": "INFO", "message": "Preference changed: name=extensions.settings, new_value=[object], source=unknown"}
{"logTime": "1003/214210", "level": "INFO", "message": "Preference changed: name=extensions.settings, new_value=[object], source=unknown"}
{"logTime": "1003/214210", "level": "INFO", "message": "Preference changed: name=extensions.settings, new_value=[object], source=unknown"}
{"logTime": "1003/214210", "level": "INFO", "message": "Preference changed: name=extensions.settings, new_value=[object], source=unknown"}
{"logTime": "1003/214210", "level": "INFO", "message": "Preference changed: name=extensions.settings, new_value=[object], source=unknown"}
{"logTime": "1003/214210", "level": "INFO", "message": "Preference changed: name=extensions.settings, new_value=[object], source=unknown"}
{"logTime": "1003/214210", "level": "INFO", "message": "Preference changed: name=extensions.settings, new_value=[object], source=unknown"}
{"logTime": "1003/214210", "level": "INFO", "message": "Preference changed: name=extensions.settings, new_value=[object], source=unknown"}
{"logTime": "1003/214210", "level": "INFO", "message": "Preference changed: name=extensions.settings, new_value=[object], source=unknown"}
{"logTime": "1003/214210", "level": "INFO", "message": "Preference changed: name=extensions.settings, new_value=[object], source=unknown"}
{"logTime": "1003/214210", "level": "INFO", "message": "Preference changed: name=extensions.settings, new_value=[object], source=unknown"}
{"logTime": "1003/214210", "level": "INFO", "message": "Preference changed: name=extensions.settings, new_value=[object], source=unknown"}
{"logTime": "1003/214210", "level": "INFO", "message": "Preference changed: name=extensions.settings, new_value=[object], source=unknown"}
{"logTime": "1003/214210", "level": "INFO", "message": "Preference changed: name=extensions.settings, new_value=[object], source=unknown"}
{"logTime": "1003/214210", "level": "INFO", "message": "Preference changed: name=extensions.settings, new_value=[object], source=unknown"}
{"logTime": "1003/214210", "level": "INFO", "message": "Preference changed: name=extensions.settings, new_value=[object], source=unknown"}
{"logTime": "1003/214210", "level": "INFO", "message": "Preference changed: name=extensions.settings, new_value=[object], source=unknown"}
{"logTime": "1003/214210", "level": "INFO", "message": "Preference changed: name=extensions.settings, new_value=[object], source=unknown"}
{"logTime": "1003/214210", "level": "INFO", "message": "Preference changed: name=extensions.settings, new_value=[object], source=unknown"}
{"logTime": "1003/214210", "level": "INFO", "message": "Preference changed: name=extensions.settings, new_value=[object], source=unknown"}
{"logTime": "1003/214210", "level": "INFO", "message": "Preference changed: name=extensions.settings, new_value=[object], source=unknown"}
{"logTime": "1003/214210", "level": "INFO", "message": "Preference changed: name=extensions.settings, new_value=[object], source=unknown"}
{"logTime": "1003/214210", "level": "INFO", "message": "Preference changed: name=extensions.settings, new_value=[object], source=unknown"}
{"logTime": "1003/214210", "level": "INFO", "message": "Preference changed: name=extensions.settings, new_value=[object], source=unknown"}
{"logTime": "1003/214210", "level": "INFO", "message": "Preference changed: name=extensions.settings, new_value=[object], source=unknown"}
{"logTime": "1003/214210", "level": "INFO", "message": "Preference changed: name=extensions.settings, new_value=[object], source=unknown"}
{"logTime": "1003/214210", "level": "INFO", "message": "Preference changed: name=extensions.settings, new_value=[object], source=unknown"}
{"logTime": "1003/214210", "level": "INFO", "message": "Preference changed: name=extensions.settings, new_value=[object], source=unknown"}
{"logTime": "1003/214210", "level": "INFO", "message": "Preference changed: name=extensions.settings, new_value=[object], source=unknown"}
{"logTime": "1003/214210", "level": "INFO", "message": "Preference changed: name=extensions.settings, new_value=[object], source=unknown"}
{"logTime": "1003/214210", "level": "INFO", "message": "Preference changed: name=extensions.settings, new_value=[object], source=unknown"}
{"logTime": "1003/214210", "level": "INFO", "message": "Preference changed: name=extensions.settings, new_value=[object], source=unknown"}
{"logTime": "1003/214210", "level": "INFO", "message": "Preference changed: name=extensions.settings, new_value=[object], source=unknown"}
{"logTime": "1003/214210", "level": "INFO", "message": "Preference changed: name=extensions.settings, new_value=[object], source=unknown"}
{"logTime": "1003/214210", "level": "INFO", "message": "Preference changed: name=extensions.settings, new_value=[object], source=unknown"}
{"logTime": "1003/214210", "level": "INFO", "message": "Preference changed: name=extensions.settings, new_value=[object], source=unknown"}
{"logTime": "1003/214210", "level": "INFO", "message": "Preference changed: name=extensions.settings, new_value=[object], source=unknown"}
{"logTime": "1003/214210", "level": "INFO", "message": "Preference changed: name=extensions.settings, new_value=[object], source=unknown"}
{"logTime": "1003/214210", "level": "INFO", "message": "Preference changed: name=extensions.settings, new_value=[object], source=unknown"}
{"logTime": "1003/214210", "level": "INFO", "message": "Preference changed: name=extensions.settings, new_value=[object], source=unknown"}
{"logTime": "1003/214210", "level": "INFO", "message": "Preference changed: name=extensions.settings, new_value=[object], source=unknown"}
{"logTime": "1003/214210", "level": "INFO", "message": "Preference changed: name=extensions.settings, new_value=[object], source=unknown"}
{"logTime": "1003/214210", "level": "INFO", "message": "Preference changed: name=extensions.settings, new_value=[object], source=unknown"}
{"logTime": "1003/214210", "level": "INFO", "message": "Preference changed: name=extensions.settings, new_value=[object], source=unknown"}
{"logTime": "1003/214210", "level": "INFO", "message": "Preference changed: name=extensions.settings, new_value=[object], source=unknown"}
{"logTime": "1003/214210", "level": "INFO", "message": "Preference changed: name=extensions.settings, new_value=[object], source=unknown"}
{"logTime": "1003/214210", "level": "INFO", "message": "Preference changed: name=extensions.settings, new_value=[object], source=unknown"}
{"logTime": "1003/214210", "level": "INFO", "message": "Preference changed: name=extensions.settings, new_value=[object], source=unknown"}
{"logTime": "1003/214210", "level": "INFO", "message": "Preference changed: name=extensions.settings, new_value=[object], source=unknown"}
{"logTime": "1003/214210", "level": "INFO", "message": "Preference changed: name=extensions.settings, new_value=[object], source=unknown"}
{"logTime": "1003/214210", "level": "INFO", "message": "Preference changed: name=extensions.settings, new_value=[object], source=unknown"}
{"logTime": "1003/214210", "level": "INFO", "message": "Preference changed: name=extensions.settings, new_value=[object], source=unknown"}
{"logTime": "1003/214210", "level": "INFO", "message": "Preference changed: name=extensions.settings, new_value=[object], source=unknown"}
{"logTime": "1003/214210", "level": "INFO", "message": "Preference changed: name=extensions.settings, new_value=[object], source=unknown"}
{"logTime": "1003/214210", "level": "INFO", "message": "Preference changed: name=extensions.settings, new_value=[object], source=unknown"}
{"logTime": "1003/214210", "level": "INFO", "message": "Preference changed: name=extensions.settings, new_value=[object], source=unknown"}
{"logTime": "1003/214210", "level": "INFO", "message": "Preference changed: name=extensions.settings, new_value=[object], source=unknown"}
{"logTime": "1003/214210", "level": "INFO", "message": "Preference changed: name=extensions.settings, new_value=[object], source=unknown"}
{"logTime": "1003/214210", "level": "INFO", "message": "Preference changed: name=extensions.settings, new_value=[object], source=unknown"}
{"logTime": "1003/214210", "level": "INFO", "message": "Preference changed: name=extensions.settings, new_value=[object], source=unknown"}
{"logTime": "1003/214210", "level": "INFO", "message": "Preference changed: name=extensions.settings, new_value=[object], source=unknown"}
{"logTime": "1003/214210", "level": "INFO", "message": "Preference changed: name=extensions.settings, new_value=[object], source=unknown"}
{"logTime": "1003/214210", "level": "INFO", "message": "Preference changed: name=extensions.settings, new_value=[object], source=unknown"}
{"logTime": "1003/214210", "level": "INFO", "message": "Preference changed: name=extensions.settings, new_value=[object], source=unknown"}
{"logTime": "1003/214210", "level": "INFO", "message": "Preference changed: name=extensions.settings, new_value=[object], source=unknown"}
{"logTime": "1003/214210", "level": "INFO", "message": "Preference changed: name=extensions.settings, new_value=[object], source=unknown"}
{"logTime": "1003/214210", "level": "INFO", "message": "Preference changed: name=extensions.settings, new_value=[object], source=unknown"}
{"logTime": "1003/214210", "level": "INFO", "message": "Preference changed: name=extensions.settings, new_value=[object], source=unknown"}
{"logTime": "1003/214210", "level": "INFO", "message": "Preference changed: name=extensions.settings, new_value=[object], source=unknown"}
{"logTime": "1003/214210", "level": "INFO", "message": "Preference changed: name=extensions.settings, new_value=[object], source=unknown"}
{"logTime": "1003/214210", "level": "INFO", "message": "Preference changed: name=extensions.settings, new_value=[object], source=unknown"}
{"logTime": "1003/214210", "level": "INFO", "message": "Preference changed: name=extensions.settings, new_value=[object], source=unknown"}
{"logTime": "1003/214210", "level": "INFO", "message": "Preference changed: name=extensions.settings, new_value=[object], source=unknown"}
{"logTime": "1003/214210", "level": "INFO", "message": "Preference changed: name=extensions.settings, new_value=[object], source=unknown"}
{"logTime": "1003/214210", "level": "INFO", "message": "Preference changed: name=extensions.settings, new_value=[object], source=unknown"}
{"logTime": "1003/214210", "level": "INFO", "message": "Preference changed: name=extensions.settings, new_value=[object], source=unknown"}
{"logTime": "1003/214210", "level": "INFO", "message": "Preference changed: name=extensions.settings, new_value=[object], source=unknown"}
{"logTime": "1003/214210", "level": "INFO", "message": "Preference changed: name=extensions.settings, new_value=[object], source=unknown"}
{"logTime": "1003/214210", "level": "INFO", "message": "Preference changed: name=extensions.settings, new_value=[object], source=unknown"}
{"logTime": "1003/214210", "level": "INFO", "message": "Preference changed: name=extensions.settings, new_value=[object], source=unknown"}
{"logTime": "1003/214210", "level": "INFO", "message": "Preference changed: name=extensions.settings, new_value=[object], source=unknown"}
{"logTime": "1003/214210", "level": "INFO", "message": "Preference changed: name=browser.show_hub_app_in_sidebar_buttons, new_value=[object], source=unknown"}
{"logTime": "1003/214210", "level": "INFO", "message": "Preference changed: name=browser.edge_sidebar_visibility_debug, new_value=[object], source=unknown"}
{"logTime": "1003/214210", "level": "INFO", "message": "Preference changed: name=browser.hub_app_non_synced_preferences, new_value=[object], source=unknown"}
{"logTime": "1003/214210", "level": "INFO", "message": "Preference changed: name=browser.hub_app_non_synced_preferences, new_value=[object], source=unknown"}
{"logTime": "1003/214210", "level": "INFO", "message": "Preference changed: name=browser.hub_app_non_synced_preferences, new_value=[object], source=unknown"}
{"logTime": "1003/214210", "level": "INFO", "message": "Preference changed: name=browser.hub_app_non_synced_preferences, new_value=[object], source=unknown"}
{"logTime": "1003/214210", "level": "INFO", "message": "Preference changed: name=browser.hub_app_non_synced_preferences, new_value=[object], source=unknown"}
{"logTime": "1003/214210", "level": "INFO", "message": "Preference changed: name=browser.hub_app_non_synced_preferences, new_value=[object], source=unknown"}
{"logTime": "1003/214210", "level": "INFO", "message": "Preference changed: name=browser.hub_app_non_synced_preferences, new_value=[object], source=unknown"}
{"logTime": "1003/214210", "level": "INFO", "message": "Preference changed: name=browser.hub_app_non_synced_preferences, new_value=[object], source=unknown"}
{"logTime": "1003/214210", "level": "INFO", "message": "Preference changed: name=browser.hub_app_non_synced_preferences, new_value=[object], source=unknown"}
{"logTime": "1003/214210", "level": "INFO", "message": "Preference changed: name=browser.hub_app_non_synced_preferences, new_value=[object], source=unknown"}
{"logTime": "1003/214210", "level": "INFO", "message": "Preference changed: name=browser.hub_app_non_synced_preferences, new_value=[object], source=unknown"}
{"logTime": "1003/214210", "level": "INFO", "message": "Preference changed: name=browser.hub_app_non_synced_preferences, new_value=[object], source=unknown"}
{"logTime": "1003/214210", "level": "INFO", "message": "Preference changed: name=browser.hub_app_non_synced_preferences, new_value=[object], source=unknown"}
{"logTime": "1003/214210", "level": "INFO", "message": "Preference changed: name=browser.hub_app_non_synced_preferences, new_value=[object], source=unknown"}
{"logTime": "1003/214210", "level": "INFO", "message": "Preference changed: name=browser.hub_app_non_synced_preferences, new_value=[object], source=unknown"}
{"logTime": "1003/214210", "level": "INFO", "message": "Preference changed: name=browser.hub_app_non_synced_preferences, new_value=[object], source=unknown"}
{"logTime": "1003/214210", "level": "INFO", "message": "Preference changed: name=browser.hub_app_non_synced_preferences, new_value=[object], source=unknown"}
{"logTime": "1003/214210", "level": "INFO", "message": "Preference changed: name=browser.hub_app_non_synced_preferences, new_value=[object], source=unknown"}
{"logTime": "1003/214210", "level": "INFO", "message": "Preference changed: name=browser.hub_app_non_synced_preferences, new_value=[object], source=unknown"}
{"logTime": "1003/214210", "level": "INFO", "message": "Preference changed: name=browser.hub_app_non_synced_preferences, new_value=[object], source=unknown"}
{"logTime": "1003/214210", "level": "INFO", "message": "Preference changed: name=browser.hub_app_non_synced_preferences, new_value=[object], source=unknown"}
{"logTime": "1003/214210", "level": "INFO", "message": "Preference changed: name=browser.hub_app_non_synced_preferences, new_value=[object], source=unknown"}
{"logTime": "1003/214210", "level": "INFO", "message": "Preference changed: name=browser.hub_app_non_synced_preferences, new_value=[object], source=unknown"}
{"logTime": "1003/214210", "level": "INFO", "message": "Preference changed: name=browser.hub_app_non_synced_preferences, new_value=[object], source=unknown"}
{"logTime": "1003/214210", "level": "INFO", "message": "Preference changed: name=browser.hub_app_non_synced_preferences, new_value=[object], source=unknown"}
{"logTime": "1003/214210", "level": "INFO", "message": "Preference changed: name=browser.hub_app_non_synced_preferences, new_value=[object], source=unknown"}
{"logTime": "1003/214210", "level": "INFO", "message": "Preference changed: name=browser.hub_cleanup_candidate_list_for_debug, new_value=[object], source=unknown"}
{"logTime": "1003/214210", "level": "INFO", "message": "Preference changed: name=browser.hub_cleanup_context_v2, new_value=[object], source=unknown"}
{"logTime": "1003/214210", "level": "INFO", "message": "Preference changed: name=browser.hub_cleanup_candidate_list_for_debug, new_value=[object], source=unknown"}
{"logTime": "1003/214210", "level": "INFO", "message": "Preference changed: name=browser.hub_cleanup_context_v2, new_value=[object], source=unknown"}
{"logTime": "1003/214210", "level": "INFO", "message": "Preference changed: name=browser.edge_sidebar_visibility, new_value=[object], source=unknown"}
{"logTime": "1003/214210", "level": "INFO", "message": "Preference changed: name=browser.edge_sidebar_visibility, new_value=[object], source=unknown"}
{"logTime": "1003/214210", "level": "INFO", "message": "PrefStore write completed: store=4, success=true"}
{"logTime": "1003/214210", "level": "INFO", "message": "Preference changed: name=edge.bookmarks.last_dup_info_record_time, new_value=\"13435537330640391\", source=unknown"}
{"logTime": "1003/214210", "level": "INFO", "message": "PrefStore write completed: store=4, success=true"}
{"logTime": "1003/214215", "level": "INFO", "message": "Preference changed: name=toolbar_declutter.undo.last_time, new_value=\"13435537335536300\", source=unknown"}
{"logTime": "1003/214215", "level": "INFO", "message": "Preference changed: name=toolbar_declutter.new_user_cleanup_triggered, new_value=true, source=unknown"}
{"logTime": "1003/214215", "level": "INFO", "message": "Preference changed: name=in_product_help.session_last_active_time, new_value=\"13435537327552414\", source=unknown"}
{"logTime": "1003/214220", "level": "INFO", "message": "PrefStore write completed: store=4, success=true"}
{"logTime": "1003/214223", "level": "INFO", "message": "Preference changed: name=edge.workspaces.storage.state, new_value=\"{\\\"app_folder_path\\\":\\\"\\\",\\\"container_id\\\":\\\"b!XTAdKlQt4EurPxPok-Zl26uxMrd62RVCrPpee3WxoDKG8KlZEuQKS78NmC4U6SZx\\\",\\\"drive_id\\\":\\\"\\\",\\\"prefs_item_id\\\":\\\"\\\",\\\"storage_endpoint\\\":\\\"\\\",\\\"version\\\":3}\", source=unknown"}
{"logTime": "1003/214223", "level": "INFO", "message": "Preference changed: name=edge.workspaces.storage.state, new_value=\"{\\\"app_folder_path\\\":\\\"\\\",\\\"container_id\\\":\\\"b!XTAdKlQt4EurPxPok-Zl26uxMrd62RVCrPpee3WxoDKG8KlZEuQKS78NmC4U6SZx\\\",\\\"drive_id\\\":\\\"b!XTAdKlQt4EurPxPok-Zl26uxMrd62RVCrPpee3WxoDKG8KlZEuQKS78NmC4U6SZx\\\",\\\"prefs_item_id\\\":\\\"\\\",\\\"storage_endpoint\\\":\\\"\\\",\\\"version\\\":3}\", source=unknown"}
{"logTime": "1003/214223", "level": "INFO", "message": "Preference changed: name=edge.workspaces.storage_immutable, new_value=\"{\\\"app_folder_path\\\":\\\"\\\",\\\"drive_id\\\":\\\"b!XTAdKlQt4EurPxPok-Zl26uxMrd62RVCrPpee3WxoDKG8KlZEuQKS78NmC4U6SZx\\\",\\\"prefs_item_id\\\":\\\"\\\",\\\"storage_endpoint\\\":\\\"\\\"}\", source=unknown"}
{"logTime": "1003/214223", "level": "INFO", "message": "Preference changed: name=edge.workspaces.storage.state, new_value=\"{\\\"app_folder_path\\\":\\\"\\\",\\\"container_id\\\":\\\"b!XTAdKlQt4EurPxPok-Zl26uxMrd62RVCrPpee3WxoDKG8KlZEuQKS78NmC4U6SZx\\\",\\\"drive_id\\\":\\\"b!XTAdKlQt4EurPxPok-Zl26uxMrd62RVCrPpee3WxoDKG8KlZEuQKS78NmC4U6SZx\\\",\\\"prefs_item_id\\\":\\\"\\\",\\\"storage_endpoint\\\":\\\"home.microsoftpersonalcontent.com/contentstorage/6CznihN3v0uy1zK5FrRCbwc211c3a4351a51cfworkspaces\\\",\\\"version\\\":3}\", source=unknown"}
{"logTime": "1003/214223", "level": "INFO", "message": "Preference changed: name=edge.workspaces.storage_immutable, new_value=\"{\\\"app_folder_path\\\":\\\"\\\",\\\"drive_id\\\":\\\"b!XTAdKlQt4EurPxPok-Zl26uxMrd62RVCrPpee3WxoDKG8KlZEuQKS78NmC4U6SZx\\\",\\\"prefs_item_id\\\":\\\"\\\",\\\"storage_endpoint\\\":\\\"home.microsoftpersonalcontent.com/contentstorage/6CznihN3v0uy1zK5FrRCbwc211c3a4351a51cfworkspaces\\\"}\", source=unknown"}
{"logTime": "1003/214223", "level": "INFO", "message": "Preference changed: name=edge.workspaces.created_idempotent_container, new_value=true, source=unknown"}
{"logTime": "1003/214228", "level": "INFO", "message": "Preference changed: name=edge.workspaces.state, new_value=\"{\\\"edgeWorkspacePrefsVersion\\\":2,\\\"enableFluid\\\":true,\\\"failedRestartSpaceId\\\":\\\"\\\",\\\"failedToConnectToFluid\\\":false,\\\"fluidMigrationStatus\\\":false,\\\"fluidStatus\\\":4,\\\"fre_shown\\\":false,\\\"fromCache\\\":false,\\\"isFluidPreferencesConnected\\\":true,\\\"isSpaceOpening\\\":false,\\\"openingSpaceId\\\":\\\"\\\",\\\"statusForScreenReaders\\\":\\\"\\\",\\\"workspacePopupMode\\\":0,\\\"workspacesForExternalLinks\\\":[]}\", source=unknown"}
{"logTime": "1003/214228", "level": "INFO", "message": "Preference changed: name=edge.workspaces.migration.last_state, new_value=9, source=unknown"}
{"logTime": "1003/214228", "level": "INFO", "message": "Preference changed: name=edge.workspaces.migration.retry_count, new_value=0, source=unknown"}
{"logTime": "1003/214228", "level": "INFO", "message": "Preference changed: name=edge.workspaces.migration.complete, new_value=true, source=unknown"}
{"logTime": "1003/214228", "level": "INFO", "message": "Preference changed: name=browser.show_toolbar_spacework_button, new_value=false, source=unknown"}
{"logTime": "1003/214228", "level": "INFO", "message": "Preference changed: name=edge.workspaces.state, new_value=\"{\\\"edgeWorkspacePrefsVersion\\\":2,\\\"enableFluid\\\":true,\\\"failedRestartSpaceId\\\":\\\"\\\",\\\"failedToConnectToFluid\\\":false,\\\"fluidMigrationStatus\\\":false,\\\"fluidStatus\\\":5,\\\"fre_shown\\\":false,\\\"fromCache\\\":false,\\\"isFluidPreferencesConnected\\\":true,\\\"isSpaceOpening\\\":false,\\\"openingSpaceId\\\":\\\"\\\",\\\"statusForScreenReaders\\\":\\\"\\\",\\\"workspacePopupMode\\\":0,\\\"workspacesForExternalLinks\\\":[]}\", source=unknown"}
{"logTime": "1003/214228", "level": "INFO", "message": "Preference changed: name=edge.workspaces.state, new_value=\"{\\\"edgeWorkspacePrefsVersion\\\":2,\\\"enableFluid\\\":true,\\\"failedRestartSpaceId\\\":\\\"\\\",\\\"failedToConnectToFluid\\\":false,\\\"fluidMigrationStatus\\\":false,\\\"fluidStatus\\\":0,\\\"fre_shown\\\":false,\\\"fromCache\\\":false,\\\"isFluidPreferencesConnected\\\":true,\\\"isSpaceOpening\\\":false,\\\"openingSpaceId\\\":\\\"\\\",\\\"statusForScreenReaders\\\":\\\"\\\",\\\"workspacePopupMode\\\":0,\\\"workspacesForExternalLinks\\\":[]}\", source=unknown"}
{"logTime": "1003/214228", "level": "INFO", "message": "Preference changed: name=edge.workspaces.state, new_value=\"{\\\"edgeWorkspacePrefsVersion\\\":2,\\\"enableFluid\\\":true,\\\"failedRestartSpaceId\\\":\\\"\\\",\\\"failedToConnectToFluid\\\":false,\\\"fluidMigrationStatus\\\":false,\\\"fluidStatus\\\":0,\\\"fre_shown\\\":false,\\\"fromCache\\\":false,\\\"isFluidPreferencesConnected\\\":false,\\\"isSpaceOpening\\\":false,\\\"openingSpaceId\\\":\\\"\\\",\\\"statusForScreenReaders\\\":\\\"\\\",\\\"workspacePopupMode\\\":0,\\\"workspacesForExternalLinks\\\":[]}\", source=unknown"}
{"logTime": "1003/214228", "level": "INFO", "message": "Preference changed: name=edge.workspaces.state, new_value=\"\", source=unknown"}
{"logTime": "1003/214228", "level": "INFO", "message": "Preference changed: name=edge.workspaces.storage.state, new_value=\"\", source=unknown"}
{"logTime": "1003/214230", "level": "INFO", "message": "Preference changed: name=edge_wallet.passwords.password_lost_report_date, new_value=\"13435537350450537\", source=unknown"}
{"logTime": "1003/214230", "level": "INFO", "message": "Preference changed: name=profile.last_time_password_store_metrics_reported, new_value=1791063750.450627, source=unknown"}
{"logTime": "1003/214230", "level": "INFO", "message": "Preference changed: name=total_passwords_available_for_account, new_value=0, source=unknown"}
{"logTime": "1003/214230", "level": "INFO", "message": "Preference changed: name=total_passwords_available_for_profile, new_value=0, source=unknown"}
{"logTime": "1003/214230", "level": "INFO", "message": "Preference changed: name=safebrowsing.advanced_protection_last_refresh, new_value=\"13435537350964225\", source=unknown"}
{"logTime": "1003/214230", "level": "INFO", "message": "Preference changed: name=account_info, new_value=[object], source=unknown"}
{"logTime": "1003/214233", "level": "INFO", "message": "PrefStore write completed: store=4, success=true"}
